oid,proname,prosecdef,proconfig,args,lanname,anon_exec,auth_exec
29533,_admin_attention_thresholds,f,"search_path=public, pg_temp","",sql,f,t
29318,_assert_contribution_config_shape,f,"search_path=public, pg_temp",p_config jsonb,plpgsql,f,t
18359,_canonical_ug_phone,f,"search_path=public, pg_temp",raw text,plpgsql,f,t
18391,_demo_now,f,"search_path=pg_catalog, public","",sql,f,t
29534,_employer_grace_days,f,"search_path=public, pg_temp",p_cadence text,sql,f,t
29412,_hospital_cash_days,f,"search_path=public, pg_temp","",sql,f,t
21818,_insert_subscriber_chain,f,"search_path=public, pg_temp","p_payload jsonb, p_calling_agent_id text, p_amount_override numeric, p_skip_deposit boolean",plpgsql,f,t
29298,_normalize_contribution_config,f,"search_path=public, pg_temp",p_config jsonb,sql,f,t
29553,_resync_bucket_units,t,"search_path=public, pg_temp",p_subscriber_id text,sql,f,f
18011,_validate_signup_payload,f,"search_path=public, pg_temp",p_payload jsonb,plpgsql,f,t
29543,admin_notify,t,"search_path=public, pg_temp","p_recipient_role text, p_recipient_id text, p_type text, p_title text, p_body text, p_ref_id text, p_amount numeric",plpgsql,f,t
29336,agent_branch_id,t,"search_path=public, pg_temp","",sql,f,t
18662,apply_group_insurance,t,"search_path=public, pg_temp",p_cover numeric,plpgsql,f,t
18521,apply_settlement,t,"search_path=public, pg_temp","p_rows jsonb, p_nonce text",plpgsql,f,t
26051,approve_access_request,t,"search_path=public, pg_temp",p_id text,plpgsql,f,t
21785,block_inactive_employer_run,t,"search_path=public, pg_temp","",plpgsql,t,t
21783,block_inactive_employer_subscriber,t,"search_path=public, pg_temp","",plpgsql,t,t
21802,block_inactive_employer_subscriber_update,t,"search_path=public, pg_temp","",plpgsql,t,t
19725,cancel_employer_invite,t,"search_path=public, pg_temp",p_token text,plpgsql,f,t
29287,canonical_ug_phone,f,"search_path=public, pg_temp",p_raw text,sql,f,t
26182,commission_rate_for_branch,t,"search_path=public, pg_temp",p_branch_id text,sql,f,t
29390,create_distributor,t,"search_path=public, pg_temp","p_name text, p_manager_name text, p_manager_phone text, p_manager_email text, p_parent_id text, p_registration_no text",plpgsql,f,t
19752,create_employer,t,"search_path=public, pg_temp","p_name text, p_sector text, p_registration_no text, p_contact_name text, p_contact_phone text, p_contact_email text, p_district text, p_payroll_cadence text, p_default_contribution_config jsonb",plpgsql,f,t
19719,create_employer_invite,t,"search_path=public, pg_temp",p_prefill jsonb,plpgsql,f,t
18675,create_subscriber_from_agent_onboard,t,"search_path=public, pg_temp","payload jsonb, calling_agent_id text, p_nonce text",plpgsql,f,t
19721,create_subscriber_from_employer_invite,t,"search_path=public, pg_temp","payload jsonb, p_token text, p_nonce text",plpgsql,t,t
19678,create_subscriber_from_employer_onboard,t,"search_path=public, pg_temp","payload jsonb, calling_employer_id text, p_nonce text",plpgsql,f,t
18674,create_subscriber_from_signup,t,"search_path=public, pg_temp","payload jsonb, p_nonce text",plpgsql,t,t
26106,current_distributor_id,f,"search_path=public, pg_temp","",sql,f,t
26052,deny_access_request,t,"search_path=public, pg_temp",p_id text,plpgsql,f,t
26108,distributor_agent_ids,t,"search_path=public, pg_temp","",sql,f,t
26107,distributor_branch_ids,t,"search_path=public, pg_temp","",sql,f,t
26109,distributor_subscriber_ids,t,"search_path=public, pg_temp","",sql,f,t
24946,fund_insurance_products,t,"search_path=public, pg_temp","p_nonce text, p_funding_mode text, p_products jsonb, p_savings_pct numeric, p_method text",plpgsql,f,t
29535,get_admin_attention,t,"search_path=public, pg_temp","",plpgsql,f,t
29539,get_admin_attention_rows,t,"search_path=public, pg_temp","p_type text, p_limit integer",plpgsql,f,t
18008,get_agent_commission_detail,f,"search_path=public, pg_temp",p_agent_id text,plpgsql,f,t
18663,get_agent_commission_list,t,"search_path=public, pg_temp",p_status_focus text,sql,f,t
19753,get_all_employers_metrics,t,"search_path=public, pg_temp","",plpgsql,f,t
24902,get_branch_pending_contributions,t,"search_path=public, pg_temp",p_branch_id text,plpgsql,f,t
18006,get_breadcrumb,f,"search_path=public, pg_temp","p_level text, p_ids jsonb",plpgsql,f,t
26183,get_commission_rate,t,"search_path=public, pg_temp","",sql,f,t
18009,get_commission_summary,f,"search_path=public, pg_temp",p_branch_id text,plpgsql,f,t
26168,get_distributor_rollup,t,"search_path=public, pg_temp","",sql,f,t
21766,get_employer_activity_rollup,t,"search_path=public, pg_temp","",plpgsql,f,t
20786,get_employer_geo_rollup,t,"search_path=public, pg_temp","",plpgsql,f,t
19720,get_employer_invite,t,"search_path=public, pg_temp",p_token text,plpgsql,t,t
18647,get_employer_metrics,t,"search_path=public, pg_temp","",plpgsql,f,t
18004,get_entity_commission_summary,f,"search_path=public, pg_temp","p_level text, p_entity_id text",plpgsql,f,t
18398,get_entity_metrics_rollup,t,"search_path=public, pg_temp","p_level text, p_entity_ids text[]",plpgsql,f,t
29302,get_my_employer_funding,t,"search_path=public, pg_temp","",plpgsql,f,t
29562,get_nav_overview,t,"search_path=public, pg_temp",p_fund_code text,plpgsql,f,t
18664,get_pending_dues_by_agent,t,"search_path=public, pg_temp","",sql,f,t
18665,get_pending_dues_by_branch,t,"search_path=public, pg_temp","",sql,f,t
19755,get_platform_overview,t,"search_path=public, pg_temp","",plpgsql,f,t
18005,get_top_branch,t,"search_path=public, pg_temp","p_level text, p_parent_id text",plpgsql,f,t
26017,get_top_entities,t,"search_path=public, pg_temp","p_level text, p_sort_key text, p_limit integer",plpgsql,f,t
24884,group_insurance_premium_per_member,f,"search_path=public, pg_temp",p_config jsonb,sql,f,t
26103,guard_mass_subscriber_detach,t,"search_path=public, pg_temp","",plpgsql,t,t
29552,latest_nav,t,"search_path=public, pg_temp",p_fund text,sql,f,t
26050,list_access_requests,t,"search_path=public, pg_temp",p_status text,plpgsql,f,t
29563,list_nav_snapshots,t,"search_path=public, pg_temp","p_fund_code text, p_limit integer, p_offset integer, p_status text",plpgsql,f,t
29441,list_nominee_claims,t,"search_path=public, pg_temp",p_status text,plpgsql,f,t
19786,make_contribution,t,"search_path=public, pg_temp","p_nonce text, p_amount numeric, p_retirement_pct numeric, p_method text",plpgsql,f,t
18511,mark_notifications_read,t,"search_path=public, pg_temp",p_ids text[],plpgsql,f,t
29551,nav_for_date,t,"search_path=public, pg_temp","p_date date, p_fund text",sql,f,t
23825,pay_insurance_premium,t,"search_path=public, pg_temp","p_nonce text, p_product text, p_cover numeric, p_premium numeric, p_method text",plpgsql,f,f
29558,publish_nav_snapshot,t,"search_path=public, pg_temp","p_nav_date date, p_unit_price numeric, p_fund_code text, p_source text, p_confirm_move boolean",plpgsql,f,t
29471,register_login_identity,t,"search_path=public, pg_temp","p_phone_raw text, p_role text, p_entity_id text, p_label text, p_name text, p_email text",plpgsql,f,t
19763,remove_employer_member,t,"search_path=public, pg_temp",p_subscriber_id text,plpgsql,f,t
19787,request_withdrawal,t,"search_path=public, pg_temp","p_nonce text, p_amount numeric, p_bucket text, p_reason text, p_method text, p_split_retirement numeric, p_split_emergency numeric",plpgsql,f,t
29442,review_nominee_claim,t,"search_path=public, pg_temp","p_id text, p_status text, p_note text, p_subscriber_id text",plpgsql,f,t
18007,search_entities,f,"search_path=public, extensions, pg_temp",p_q text,plpgsql,f,t
19792,set_commission_rate,t,"search_path=pg_catalog, public, pg_temp",p_rate numeric,plpgsql,f,t
21781,set_distributor_status,t,"search_path=public, pg_temp","p_distributor_id text, p_status text",plpgsql,f,t
21782,set_employer_status,t,"search_path=public, pg_temp","p_employer_id text, p_status text",plpgsql,f,t
19679,submit_employer_contribution_run,t,"search_path=public, pg_temp","p_period_label text, p_method text, p_nonce text",plpgsql,f,t
29413,submit_hospital_cash_claim,t,"search_path=public, pg_temp","p_nonce text, p_admission_date date, p_discharge_date date, p_provider text, p_description text",plpgsql,f,t
29335,subscriber_agent_id,t,"search_path=public, pg_temp","",sql,f,t
29337,subscriber_branch_id,t,"search_path=public, pg_temp","",sql,f,t
26123,trg_branches_default_distributor,t,"search_path=public, pg_temp","",plpgsql,t,t
18682,trg_distributors_enforce_editable_cols,f,"search_path=public, pg_temp","",plpgsql,t,t
17996,trg_subscribers_after_insert,t,"search_path=public, pg_temp","",plpgsql,t,t
18109,trg_subscribers_enforce_editable_cols,f,"search_path=public, pg_temp","",plpgsql,t,t
17998,trg_transactions_contribution,t,"search_path=public, pg_temp","",plpgsql,t,t
18000,trg_transactions_withdrawal,t,"search_path=public, pg_temp","",plpgsql,t,t
21824,update_employer_member_compensation,t,"search_path=public, pg_temp","p_subscriber_id text, p_compensation numeric",plpgsql,f,t
24885,update_employer_profile,t,"search_path=public, pg_temp","p_patch jsonb, p_group_cover numeric, p_insurance_enabled boolean",plpgsql,f,t
18408,upsert_nominees,t,"search_path=public, pg_temp","p_subscriber_id text, p_pension jsonb, p_insurance jsonb",plpgsql,f,t
