role,table,op,expected,actual_outcome,actual_rows,actual_error,verdict,note
anon,access_requests,DELETE,DENY,ALLOWED,0,,PASS,
anon,access_requests,INSERT,DENY,ERROR,,"new row violates row-level security policy for table ""access_requests""",PASS,
anon,access_requests,SELECT,DENY,ALLOWED,0,,PASS,
anon,access_requests,UPDATE,DENY,ALLOWED,0,,PASS,
anon,agent_referrals,DELETE,DENY,ALLOWED,0,,PASS,
anon,agent_referrals,INSERT,DENY,ERROR,,"new row violates row-level security policy for table ""agent_referrals""",PASS,
anon,agent_referrals,SELECT,DENY,ALLOWED,0,,PASS,
anon,agent_referrals,UPDATE,DENY,ALLOWED,0,,PASS,
anon,agents,DELETE,DENY,ALLOWED,0,,PASS,
anon,agents,INSERT,DENY,ERROR,,"new row violates row-level security policy for table ""agents""",PASS,
anon,agents,SELECT,DENY,ERROR,,permission denied for function subscriber_agent_id,PASS,
anon,agents,UPDATE,DENY,ERROR,,permission denied for function subscriber_agent_id,PASS,
anon,branches,DELETE,DENY,ALLOWED,0,,PASS,
anon,branches,INSERT,DENY,ERROR,,permission denied for function current_distributor_id,PASS,
anon,branches,SELECT,DENY,ERROR,,permission denied for function current_distributor_id,PASS,
anon,branches,UPDATE,DENY,ERROR,,permission denied for function current_distributor_id,PASS,
anon,claims,DELETE,DENY,ALLOWED,0,,PASS,
anon,claims,INSERT,DENY,ERROR,,"new row violates row-level security policy for table ""claims""",PASS,
anon,claims,SELECT,DENY,ERROR,,permission denied for function subscriber_agent_id,PASS,
anon,claims,UPDATE,DENY,ERROR,,permission denied for function subscriber_agent_id,PASS,
anon,commission_config,DELETE,DENY,ALLOWED,0,,PASS,
anon,commission_config,INSERT,DENY,ERROR,,"new row violates row-level security policy for table ""commission_config""",PASS,
anon,commission_config,SELECT,DENY,ALLOWED,0,,PASS,
anon,commission_config,UPDATE,DENY,ALLOWED,0,,PASS,
anon,commissions,DELETE,DENY,ALLOWED,0,,PASS,
anon,commissions,INSERT,DENY,ERROR,,"new row violates row-level security policy for table ""commissions""",PASS,
anon,commissions,SELECT,DENY,ERROR,,permission denied for function distributor_branch_ids,PASS,
anon,commissions,UPDATE,DENY,ERROR,,permission denied for function distributor_branch_ids,PASS,
anon,contact_submissions,DELETE,DENY,ALLOWED,0,,PASS,
anon,contact_submissions,INSERT,DENY,ERROR,,"new row violates row-level security policy for table ""contact_submissions""",PASS,
anon,contact_submissions,SELECT,DENY,ALLOWED,0,,PASS,
anon,contact_submissions,UPDATE,DENY,ALLOWED,0,,PASS,
anon,contribution_run_uploads,DELETE,DENY,ALLOWED,0,,PASS,
anon,contribution_run_uploads,INSERT,DENY,ERROR,,"new row violates row-level security policy for table ""contribution_run_uploads""",PASS,
anon,contribution_run_uploads,SELECT,DENY,ALLOWED,0,,PASS,
anon,contribution_run_uploads,UPDATE,DENY,ALLOWED,0,,PASS,
anon,contribution_runs,DELETE,DENY,ALLOWED,0,,PASS,
anon,contribution_runs,INSERT,DENY,ERROR,,"new row violates row-level security policy for table ""contribution_runs""",PASS,
anon,contribution_runs,SELECT,DENY,ALLOWED,0,,PASS,
anon,contribution_runs,UPDATE,DENY,ALLOWED,0,,PASS,
anon,contribution_schedules,DELETE,DENY,ALLOWED,0,,PASS,
anon,contribution_schedules,INSERT,DENY,ERROR,,"new row violates row-level security policy for table ""contribution_schedules""",PASS,
anon,contribution_schedules,SELECT,DENY,ERROR,,permission denied for function subscriber_agent_id,PASS,
anon,contribution_schedules,UPDATE,DENY,ERROR,,permission denied for function subscriber_agent_id,PASS,
anon,custody_transfers,DELETE,DENY,ALLOWED,0,,PASS,
anon,custody_transfers,INSERT,DENY,ERROR,,"new row violates row-level security policy for table ""custody_transfers""",PASS,
anon,custody_transfers,SELECT,DENY,ALLOWED,0,,PASS,
anon,custody_transfers,UPDATE,DENY,ALLOWED,0,,PASS,
anon,demo_personas,DELETE,DENY,ALLOWED,0,,PASS,
anon,demo_personas,INSERT,DENY,ERROR,,"new row violates row-level security policy for table ""demo_personas""",PASS,
anon,demo_personas,SELECT,DENY,ALLOWED,0,,PASS,
anon,demo_personas,UPDATE,DENY,ALLOWED,0,,PASS,
anon,distributors,DELETE,DENY,ALLOWED,0,,PASS,
anon,distributors,INSERT,DENY,ERROR,,"new row violates row-level security policy for table ""distributors""",PASS,
anon,distributors,SELECT,DENY,ERROR,,permission denied for function current_distributor_id,PASS,
anon,distributors,UPDATE,DENY,ERROR,,permission denied for function current_distributor_id,PASS,
anon,districts,DELETE,DENY,ALLOWED,0,,PASS,
anon,districts,INSERT,DENY,ERROR,,"new row violates row-level security policy for table ""districts""",PASS,
anon,districts,SELECT,SCOPED,ALLOWED,136,,PASS,
anon,districts,UPDATE,DENY,ALLOWED,0,,PASS,
anon,employer_invites,DELETE,DENY,ALLOWED,0,,PASS,
anon,employer_invites,INSERT,DENY,ERROR,,"new row violates row-level security policy for table ""employer_invites""",PASS,
anon,employer_invites,SELECT,DENY,ALLOWED,0,,PASS,
anon,employer_invites,UPDATE,DENY,ALLOWED,0,,PASS,
anon,employers,DELETE,DENY,ALLOWED,0,,PASS,
anon,employers,INSERT,DENY,ERROR,,"new row violates row-level security policy for table ""employers""",PASS,
anon,employers,SELECT,DENY,ALLOWED,0,,PASS,
anon,employers,UPDATE,DENY,ALLOWED,0,,PASS,
anon,entity_detach_log,DELETE,DENY,ERROR,,permission denied for table entity_detach_log,PASS,
anon,entity_detach_log,INSERT,DENY,ERROR,,permission denied for table entity_detach_log,PASS,
anon,entity_detach_log,SELECT,DENY,ERROR,,permission denied for table entity_detach_log,PASS,
anon,entity_detach_log,UPDATE,DENY,ERROR,,permission denied for table entity_detach_log,PASS,
anon,entity_status_log,DELETE,DENY,ERROR,,permission denied for table entity_status_log,PASS,
anon,entity_status_log,INSERT,DENY,ERROR,,permission denied for table entity_status_log,PASS,
anon,entity_status_log,SELECT,DENY,ERROR,,permission denied for table entity_status_log,PASS,
anon,entity_status_log,UPDATE,DENY,ERROR,,permission denied for table entity_status_log,PASS,
anon,insurance_policies,DELETE,DENY,ALLOWED,0,,PASS,
anon,insurance_policies,INSERT,DENY,ERROR,,"new row violates row-level security policy for table ""insurance_policies""",PASS,
anon,insurance_policies,SELECT,DENY,ERROR,,permission denied for function subscriber_agent_id,PASS,
anon,insurance_policies,UPDATE,DENY,ERROR,,permission denied for function subscriber_agent_id,PASS,
anon,money_nonces,DELETE,DENY,ALLOWED,0,,PASS,
anon,money_nonces,INSERT,DENY,ERROR,,"new row violates row-level security policy for table ""money_nonces""",PASS,
anon,money_nonces,SELECT,DENY,ALLOWED,0,,PASS,
anon,money_nonces,UPDATE,DENY,ALLOWED,0,,PASS,
anon,nav_snapshots,DELETE,DENY,ALLOWED,0,,PASS,
anon,nav_snapshots,INSERT,DENY,ERROR,,"new row violates row-level security policy for table ""nav_snapshots""",PASS,
anon,nav_snapshots,SELECT,DENY,ALLOWED,0,,PASS,
anon,nav_snapshots,UPDATE,DENY,ALLOWED,0,,PASS,
anon,nominee_claims,DELETE,DENY,ALLOWED,0,,PASS,
anon,nominee_claims,INSERT,DENY,ERROR,,"new row violates row-level security policy for table ""nominee_claims""",PASS,
anon,nominee_claims,SELECT,DENY,ALLOWED,0,,PASS,
anon,nominee_claims,UPDATE,DENY,ALLOWED,0,,PASS,
anon,nominees,DELETE,DENY,ALLOWED,0,,PASS,
anon,nominees,INSERT,DENY,ERROR,,"new row violates row-level security policy for table ""nominees""",PASS,
anon,nominees,SELECT,DENY,ERROR,,permission denied for function subscriber_agent_id,PASS,
anon,nominees,UPDATE,DENY,ERROR,,permission denied for function subscriber_agent_id,PASS,
anon,notifications,DELETE,DENY,ALLOWED,0,,PASS,
anon,notifications,INSERT,DENY,ERROR,,"new row violates row-level security policy for table ""notifications""",PASS,
anon,notifications,SELECT,DENY,ERROR,,permission denied for function current_distributor_id,PASS,
anon,notifications,UPDATE,DENY,ERROR,,permission denied for function current_distributor_id,PASS,
anon,regions,DELETE,DENY,ALLOWED,0,,PASS,
anon,regions,INSERT,DENY,ERROR,,"new row violates row-level security policy for table ""regions""",PASS,
anon,regions,SELECT,SCOPED,ALLOWED,4,,PASS,
anon,regions,UPDATE,DENY,ALLOWED,0,,PASS,
anon,settlement_batches,DELETE,DENY,ALLOWED,0,,PASS,
anon,settlement_batches,INSERT,DENY,ERROR,,"new row violates row-level security policy for table ""settlement_batches""",PASS,
anon,settlement_batches,SELECT,DENY,ERROR,,permission denied for function distributor_branch_ids,PASS,
anon,settlement_batches,UPDATE,DENY,ERROR,,permission denied for function distributor_branch_ids,PASS,
anon,settlement_uploads,DELETE,DENY,ALLOWED,0,,PASS,
anon,settlement_uploads,INSERT,DENY,ERROR,,"new row violates row-level security policy for table ""settlement_uploads""",PASS,
anon,settlement_uploads,SELECT,DENY,ALLOWED,0,,PASS,
anon,settlement_uploads,UPDATE,DENY,ALLOWED,0,,PASS,
anon,subscriber_balances,DELETE,DENY,ALLOWED,0,,PASS,
anon,subscriber_balances,INSERT,DENY,ERROR,,"new row violates row-level security policy for table ""subscriber_balances""",PASS,
anon,subscriber_balances,SELECT,DENY,ERROR,,permission denied for function subscriber_agent_id,PASS,
anon,subscriber_balances,UPDATE,DENY,ERROR,,permission denied for function subscriber_agent_id,PASS,
anon,subscriber_balances_pre_nav,DELETE,DENY,ALLOWED,0,,PASS,
anon,subscriber_balances_pre_nav,INSERT,DENY,ERROR,,"new row violates row-level security policy for table ""subscriber_balances_pre_nav""",PASS,
anon,subscriber_balances_pre_nav,SELECT,DENY,ALLOWED,0,,PASS,
anon,subscriber_balances_pre_nav,UPDATE,DENY,ALLOWED,0,,PASS,
anon,subscriber_insurance_products,DELETE,DENY,ALLOWED,0,,PASS,
anon,subscriber_insurance_products,INSERT,DENY,ERROR,,"new row violates row-level security policy for table ""subscriber_insurance_products""",PASS,
anon,subscriber_insurance_products,SELECT,DENY,ERROR,,permission denied for function subscriber_agent_id,PASS,
anon,subscriber_insurance_products,UPDATE,DENY,ERROR,,permission denied for function subscriber_agent_id,PASS,
anon,subscriber_signup_uploads,DELETE,DENY,ALLOWED,0,,PASS,
anon,subscriber_signup_uploads,INSERT,DENY,ERROR,,"new row violates row-level security policy for table ""subscriber_signup_uploads""",PASS,
anon,subscriber_signup_uploads,SELECT,DENY,ALLOWED,0,,PASS,
anon,subscriber_signup_uploads,UPDATE,DENY,ALLOWED,0,,PASS,
anon,subscribers,DELETE,DENY,ALLOWED,0,,PASS,
anon,subscribers,INSERT,DENY,ERROR,,"new row violates row-level security policy for table ""subscribers""",PASS,
anon,subscribers,SELECT,DENY,ERROR,,permission denied for function subscriber_agent_id,PASS,
anon,subscribers,UPDATE,DENY,ERROR,,permission denied for function subscriber_agent_id,PASS,
anon,subscribers_unit_value_pre_nav,DELETE,DENY,ALLOWED,0,,PASS,
anon,subscribers_unit_value_pre_nav,INSERT,DENY,ERROR,,"new row violates row-level security policy for table ""subscribers_unit_value_pre_nav""",PASS,
anon,subscribers_unit_value_pre_nav,SELECT,DENY,ALLOWED,0,,PASS,
anon,subscribers_unit_value_pre_nav,UPDATE,DENY,ALLOWED,0,,PASS,
anon,transactions,DELETE,DENY,ALLOWED,0,,PASS,
anon,transactions,INSERT,DENY,ERROR,,"new row violates row-level security policy for table ""transactions""",PASS,
anon,transactions,SELECT,DENY,ERROR,,permission denied for function subscriber_agent_id,PASS,
anon,transactions,UPDATE,DENY,ERROR,,permission denied for function subscriber_agent_id,PASS,
anon,users,DELETE,DENY,ALLOWED,0,,PASS,
anon,users,INSERT,DENY,ERROR,,"new row violates row-level security policy for table ""users""",PASS,
anon,users,SELECT,DENY,ERROR,,permission denied for table users,PASS,
anon,users,UPDATE,DENY,ERROR,,permission denied for table users,PASS,
anon,withdrawals,DELETE,DENY,ALLOWED,0,,PASS,
anon,withdrawals,INSERT,DENY,ERROR,,"new row violates row-level security policy for table ""withdrawals""",PASS,
anon,withdrawals,SELECT,DENY,ERROR,,permission denied for function subscriber_agent_id,PASS,
anon,withdrawals,UPDATE,DENY,ERROR,,permission denied for function subscriber_agent_id,PASS,
subscriber,access_requests,DELETE,DENY,ALLOWED,0,,PASS,
subscriber,access_requests,INSERT,DENY,ERROR,,"new row violates row-level security policy for table ""access_requests""",PASS,
subscriber,access_requests,SELECT,DENY,ALLOWED,0,,PASS,
subscriber,access_requests,UPDATE,DENY,ALLOWED,0,,PASS,
subscriber,agent_referrals,DELETE,DENY,ALLOWED,0,,PASS,
subscriber,agent_referrals,INSERT,DENY,ERROR,,"new row violates row-level security policy for table ""agent_referrals""",PASS,
subscriber,agent_referrals,SELECT,DENY,ALLOWED,0,,PASS,
subscriber,agent_referrals,UPDATE,DENY,ALLOWED,0,,PASS,
subscriber,agents,DELETE,DENY,ALLOWED,0,,PASS,
subscriber,agents,INSERT,DENY,ERROR,,"new row violates row-level security policy for table ""agents""",PASS,
subscriber,agents,SELECT,SCOPED,ALLOWED,1,,PASS,
subscriber,agents,UPDATE,DENY,ALLOWED,0,,PASS,
subscriber,branches,DELETE,DENY,ALLOWED,0,,PASS,
subscriber,branches,INSERT,DENY,ERROR,,"new row violates row-level security policy for table ""branches""",PASS,
subscriber,branches,SELECT,SCOPED,ALLOWED,1,,PASS,
subscriber,branches,UPDATE,DENY,ALLOWED,0,,PASS,
subscriber,claims,DELETE,DENY,ALLOWED,0,,PASS,
subscriber,claims,INSERT,DENY,ERROR,,"new row violates row-level security policy for table ""claims""",PASS,
subscriber,claims,SELECT,SCOPED,ALLOWED,1,,PASS,
subscriber,claims,UPDATE,DENY,ALLOWED,0,,PASS,
subscriber,commission_config,DELETE,DENY,ALLOWED,0,,PASS,
subscriber,commission_config,INSERT,DENY,ERROR,,"new row violates row-level security policy for table ""commission_config""",PASS,
subscriber,commission_config,SELECT,SCOPED,ALLOWED,1,,PASS,
subscriber,commission_config,UPDATE,DENY,ALLOWED,0,,PASS,
subscriber,commissions,DELETE,DENY,ALLOWED,0,,PASS,
subscriber,commissions,INSERT,DENY,ERROR,,"new row violates row-level security policy for table ""commissions""",PASS,
subscriber,commissions,SELECT,DENY,ALLOWED,0,,PASS,
subscriber,commissions,UPDATE,DENY,ALLOWED,0,,PASS,
subscriber,contact_submissions,DELETE,DENY,ALLOWED,0,,PASS,
subscriber,contact_submissions,INSERT,DENY,ERROR,,"new row violates row-level security policy for table ""contact_submissions""",PASS,
subscriber,contact_submissions,SELECT,DENY,ALLOWED,0,,PASS,
subscriber,contact_submissions,UPDATE,DENY,ALLOWED,0,,PASS,
subscriber,contribution_run_uploads,DELETE,DENY,ALLOWED,0,,PASS,
subscriber,contribution_run_uploads,INSERT,DENY,ERROR,,"new row violates row-level security policy for table ""contribution_run_uploads""",PASS,
subscriber,contribution_run_uploads,SELECT,DENY,ALLOWED,0,,PASS,
subscriber,contribution_run_uploads,UPDATE,DENY,ALLOWED,0,,PASS,
subscriber,contribution_runs,DELETE,DENY,ALLOWED,0,,PASS,
subscriber,contribution_runs,INSERT,DENY,ERROR,,"new row violates row-level security policy for table ""contribution_runs""",PASS,
subscriber,contribution_runs,SELECT,DENY,ALLOWED,0,,PASS,
subscriber,contribution_runs,UPDATE,DENY,ALLOWED,0,,PASS,
subscriber,contribution_schedules,DELETE,DENY,ALLOWED,0,,PASS,
subscriber,contribution_schedules,INSERT,DENY,ERROR,,"new row violates row-level security policy for table ""contribution_schedules""",PASS,
subscriber,contribution_schedules,SELECT,SCOPED,ALLOWED,1,,PASS,
subscriber,contribution_schedules,UPDATE,DENY,ALLOWED,1,,FAIL,
subscriber,custody_transfers,DELETE,DENY,ALLOWED,0,,PASS,
subscriber,custody_transfers,INSERT,DENY,ERROR,,"new row violates row-level security policy for table ""custody_transfers""",PASS,
subscriber,custody_transfers,SELECT,DENY,ALLOWED,0,,PASS,
subscriber,custody_transfers,UPDATE,DENY,ALLOWED,0,,PASS,
subscriber,demo_personas,DELETE,DENY,ALLOWED,0,,PASS,
subscriber,demo_personas,INSERT,DENY,ERROR,,"new row violates row-level security policy for table ""demo_personas""",PASS,
subscriber,demo_personas,SELECT,SCOPED,ALLOWED,9,,PASS,
subscriber,demo_personas,UPDATE,DENY,ALLOWED,0,,PASS,
subscriber,distributors,DELETE,DENY,ALLOWED,0,,PASS,
subscriber,distributors,INSERT,DENY,ERROR,,"new row violates row-level security policy for table ""distributors""",PASS,
subscriber,distributors,SELECT,SCOPED,ALLOWED,0,,GAP,
subscriber,distributors,UPDATE,DENY,ALLOWED,0,,PASS,
subscriber,districts,DELETE,DENY,ALLOWED,0,,PASS,
subscriber,districts,INSERT,DENY,ERROR,,"new row violates row-level security policy for table ""districts""",PASS,
subscriber,districts,SELECT,SCOPED,ALLOWED,136,,PASS,
subscriber,districts,UPDATE,DENY,ALLOWED,0,,PASS,
subscriber,employer_invites,DELETE,DENY,ALLOWED,0,,PASS,
subscriber,employer_invites,INSERT,DENY,ERROR,,"new row violates row-level security policy for table ""employer_invites""",PASS,
subscriber,employer_invites,SELECT,DENY,ALLOWED,0,,PASS,
subscriber,employer_invites,UPDATE,DENY,ALLOWED,0,,PASS,
subscriber,employers,DELETE,DENY,ALLOWED,0,,PASS,
subscriber,employers,INSERT,DENY,ERROR,,"new row violates row-level security policy for table ""employers""",PASS,
subscriber,employers,SELECT,DENY,ALLOWED,0,,PASS,
subscriber,employers,UPDATE,DENY,ALLOWED,0,,PASS,
subscriber,entity_detach_log,DELETE,DENY,ERROR,,permission denied for table entity_detach_log,PASS,
subscriber,entity_detach_log,INSERT,DENY,ERROR,,permission denied for table entity_detach_log,PASS,
subscriber,entity_detach_log,SELECT,DENY,ERROR,,permission denied for table entity_detach_log,PASS,
subscriber,entity_detach_log,UPDATE,DENY,ERROR,,permission denied for table entity_detach_log,PASS,
subscriber,entity_status_log,DELETE,DENY,ERROR,,permission denied for table entity_status_log,PASS,
subscriber,entity_status_log,INSERT,DENY,ERROR,,permission denied for table entity_status_log,PASS,
subscriber,entity_status_log,SELECT,DENY,ERROR,,permission denied for table entity_status_log,PASS,
subscriber,entity_status_log,UPDATE,DENY,ERROR,,permission denied for table entity_status_log,PASS,
subscriber,insurance_policies,DELETE,DENY,ALLOWED,0,,PASS,
subscriber,insurance_policies,INSERT,DENY,ERROR,,"new row violates row-level security policy for table ""insurance_policies""",PASS,
subscriber,insurance_policies,SELECT,SCOPED,ALLOWED,1,,PASS,
subscriber,insurance_policies,UPDATE,DENY,ALLOWED,1,,FAIL,
subscriber,money_nonces,DELETE,DENY,ALLOWED,0,,PASS,
subscriber,money_nonces,INSERT,DENY,ERROR,,"new row violates row-level security policy for table ""money_nonces""",PASS,
subscriber,money_nonces,SELECT,DENY,ALLOWED,0,,PASS,
subscriber,money_nonces,UPDATE,DENY,ALLOWED,0,,PASS,
subscriber,nav_snapshots,DELETE,DENY,ALLOWED,0,,PASS,
subscriber,nav_snapshots,INSERT,DENY,ERROR,,"new row violates row-level security policy for table ""nav_snapshots""",PASS,
subscriber,nav_snapshots,SELECT,DENY,ALLOWED,0,,PASS,
subscriber,nav_snapshots,UPDATE,DENY,ALLOWED,0,,PASS,
subscriber,nominee_claims,DELETE,DENY,ALLOWED,0,,PASS,
subscriber,nominee_claims,INSERT,DENY,ERROR,,"new row violates row-level security policy for table ""nominee_claims""",PASS,
subscriber,nominee_claims,SELECT,DENY,ALLOWED,0,,PASS,
subscriber,nominee_claims,UPDATE,DENY,ALLOWED,0,,PASS,
subscriber,nominees,DELETE,DENY,ALLOWED,3,,FAIL,
subscriber,nominees,INSERT,DENY,ALLOWED-RLS-PASSED,(post-RLS unique violation),"duplicate key value violates unique constraint ""nominees_subscriber_id_type_unique""",FAIL,RLS WITH CHECK passed; only the unique index stopped the row
subscriber,nominees,SELECT,SCOPED,ALLOWED,3,,PASS,
subscriber,nominees,UPDATE,DENY,ALLOWED,3,,FAIL,
subscriber,notifications,DELETE,DENY,ALLOWED,0,,PASS,
subscriber,notifications,INSERT,DENY,ERROR,,"new row violates row-level security policy for table ""notifications""",PASS,
subscriber,notifications,SELECT,DENY,ALLOWED,0,,PASS,
subscriber,notifications,UPDATE,DENY,ALLOWED,0,,PASS,
subscriber,regions,DELETE,DENY,ALLOWED,0,,PASS,
subscriber,regions,INSERT,DENY,ERROR,,"new row violates row-level security policy for table ""regions""",PASS,
subscriber,regions,SELECT,SCOPED,ALLOWED,4,,PASS,
subscriber,regions,UPDATE,DENY,ALLOWED,0,,PASS,
subscriber,settlement_batches,DELETE,DENY,ALLOWED,0,,PASS,
subscriber,settlement_batches,INSERT,DENY,ERROR,,"new row violates row-level security policy for table ""settlement_batches""",PASS,
subscriber,settlement_batches,SELECT,DENY,ALLOWED,0,,PASS,
subscriber,settlement_batches,UPDATE,DENY,ALLOWED,0,,PASS,
subscriber,settlement_uploads,DELETE,DENY,ALLOWED,0,,PASS,
subscriber,settlement_uploads,INSERT,DENY,ERROR,,"new row violates row-level security policy for table ""settlement_uploads""",PASS,
subscriber,settlement_uploads,SELECT,DENY,ALLOWED,0,,PASS,
subscriber,settlement_uploads,UPDATE,DENY,ALLOWED,0,,PASS,
subscriber,subscriber_balances,DELETE,DENY,ALLOWED,0,,PASS,
subscriber,subscriber_balances,INSERT,DENY,ERROR,,"new row violates row-level security policy for table ""subscriber_balances""",PASS,
subscriber,subscriber_balances,SELECT,SCOPED,ALLOWED,1,,PASS,
subscriber,subscriber_balances,UPDATE,DENY,ALLOWED,0,,PASS,
subscriber,subscriber_balances_pre_nav,DELETE,DENY,ALLOWED,0,,PASS,
subscriber,subscriber_balances_pre_nav,INSERT,DENY,ERROR,,"new row violates row-level security policy for table ""subscriber_balances_pre_nav""",PASS,
subscriber,subscriber_balances_pre_nav,SELECT,DENY,ALLOWED,0,,PASS,
subscriber,subscriber_balances_pre_nav,UPDATE,DENY,ALLOWED,0,,PASS,
subscriber,subscriber_insurance_products,DELETE,DENY,ALLOWED,0,,PASS,
subscriber,subscriber_insurance_products,INSERT,DENY,ERROR,,"new row violates row-level security policy for table ""subscriber_insurance_products""",PASS,
subscriber,subscriber_insurance_products,SELECT,SCOPED,ALLOWED,2,,PASS,
subscriber,subscriber_insurance_products,UPDATE,DENY,ALLOWED,2,,FAIL,
subscriber,subscriber_signup_uploads,DELETE,DENY,ALLOWED,0,,PASS,
subscriber,subscriber_signup_uploads,INSERT,DENY,ERROR,,"new row violates row-level security policy for table ""subscriber_signup_uploads""",PASS,
subscriber,subscriber_signup_uploads,SELECT,DENY,ALLOWED,0,,PASS,
subscriber,subscriber_signup_uploads,UPDATE,DENY,ALLOWED,0,,PASS,
subscriber,subscribers,DELETE,DENY,ALLOWED,0,,PASS,
subscriber,subscribers,INSERT,DENY,ERROR,,"new row violates row-level security policy for table ""subscribers""",PASS,
subscriber,subscribers,SELECT,SCOPED,ALLOWED,1,,PASS,
subscriber,subscribers,UPDATE,DENY,ALLOWED,1,,FAIL,
subscriber,subscribers_unit_value_pre_nav,DELETE,DENY,ALLOWED,0,,PASS,
subscriber,subscribers_unit_value_pre_nav,INSERT,DENY,ERROR,,"new row violates row-level security policy for table ""subscribers_unit_value_pre_nav""",PASS,
subscriber,subscribers_unit_value_pre_nav,SELECT,DENY,ALLOWED,0,,PASS,
subscriber,subscribers_unit_value_pre_nav,UPDATE,DENY,ALLOWED,0,,PASS,
subscriber,transactions,DELETE,DENY,ALLOWED,0,,PASS,
subscriber,transactions,INSERT,DENY,ALLOWED,1,,FAIL,
subscriber,transactions,SELECT,SCOPED,ALLOWED,10,,PASS,
subscriber,transactions,UPDATE,DENY,ALLOWED,0,,PASS,
subscriber,users,DELETE,DENY,ALLOWED,0,,PASS,
subscriber,users,INSERT,DENY,ERROR,,"new row violates row-level security policy for table ""users""",PASS,
subscriber,users,SELECT,DENY,ALLOWED,0,,PASS,
subscriber,users,UPDATE,DENY,ERROR,,permission denied for table users,PASS,
subscriber,withdrawals,DELETE,DENY,ALLOWED,0,,PASS,
subscriber,withdrawals,INSERT,DENY,ERROR,,"new row violates row-level security policy for table ""withdrawals""",PASS,
subscriber,withdrawals,SELECT,SCOPED,ALLOWED,1,,PASS,
subscriber,withdrawals,UPDATE,DENY,ALLOWED,0,,PASS,
agent,access_requests,DELETE,DENY,ALLOWED,0,,PASS,
agent,access_requests,INSERT,DENY,ERROR,,"new row violates row-level security policy for table ""access_requests""",PASS,
agent,access_requests,SELECT,DENY,ALLOWED,0,,PASS,
agent,access_requests,UPDATE,DENY,ALLOWED,0,,PASS,
agent,agent_referrals,DELETE,DENY,ALLOWED,0,,PASS,
agent,agent_referrals,INSERT,DENY,ERROR,,"new row violates row-level security policy for table ""agent_referrals""",PASS,
agent,agent_referrals,SELECT,DENY,ALLOWED,0,,PASS,
agent,agent_referrals,UPDATE,DENY,ALLOWED,0,,PASS,
agent,agents,DELETE,DENY,ALLOWED,0,,PASS,
agent,agents,INSERT,DENY,ERROR,,"new row violates row-level security policy for table ""agents""",PASS,
agent,agents,SELECT,SCOPED,ALLOWED,1,,PASS,
agent,agents,UPDATE,DENY,ALLOWED,0,,PASS,
agent,branches,DELETE,DENY,ALLOWED,0,,PASS,
agent,branches,INSERT,DENY,ERROR,,"new row violates row-level security policy for table ""branches""",PASS,
agent,branches,SELECT,SCOPED,ALLOWED,1,,PASS,
agent,branches,UPDATE,DENY,ALLOWED,0,,PASS,
agent,claims,DELETE,DENY,ALLOWED,0,,PASS,
agent,claims,INSERT,DENY,ERROR,,"new row violates row-level security policy for table ""claims""",PASS,
agent,claims,SELECT,SCOPED,ALLOWED,1,,PASS,
agent,claims,UPDATE,DENY,ALLOWED,0,,PASS,
agent,commission_config,DELETE,DENY,ALLOWED,0,,PASS,
agent,commission_config,INSERT,DENY,ERROR,,"new row violates row-level security policy for table ""commission_config""",PASS,
agent,commission_config,SELECT,SCOPED,ALLOWED,1,,PASS,
agent,commission_config,UPDATE,DENY,ALLOWED,0,,PASS,
agent,commissions,DELETE,DENY,ALLOWED,0,,PASS,
agent,commissions,INSERT,DENY,ERROR,,"new row violates row-level security policy for table ""commissions""",PASS,
agent,commissions,SELECT,SCOPED,ALLOWED,14,,PASS,
agent,commissions,UPDATE,DENY,ALLOWED,0,,PASS,
agent,contact_submissions,DELETE,DENY,ALLOWED,0,,PASS,
agent,contact_submissions,INSERT,DENY,ERROR,,"new row violates row-level security policy for table ""contact_submissions""",PASS,
agent,contact_submissions,SELECT,DENY,ALLOWED,0,,PASS,
agent,contact_submissions,UPDATE,DENY,ALLOWED,0,,PASS,
agent,contribution_run_uploads,DELETE,DENY,ALLOWED,0,,PASS,
agent,contribution_run_uploads,INSERT,DENY,ERROR,,"new row violates row-level security policy for table ""contribution_run_uploads""",PASS,
agent,contribution_run_uploads,SELECT,DENY,ALLOWED,0,,PASS,
agent,contribution_run_uploads,UPDATE,DENY,ALLOWED,0,,PASS,
agent,contribution_runs,DELETE,DENY,ALLOWED,0,,PASS,
agent,contribution_runs,INSERT,DENY,ERROR,,"new row violates row-level security policy for table ""contribution_runs""",PASS,
agent,contribution_runs,SELECT,DENY,ALLOWED,0,,PASS,
agent,contribution_runs,UPDATE,DENY,ALLOWED,0,,PASS,
agent,contribution_schedules,DELETE,DENY,ALLOWED,0,,PASS,
agent,contribution_schedules,INSERT,DENY,ERROR,,"new row violates row-level security policy for table ""contribution_schedules""",PASS,
agent,contribution_schedules,SELECT,SCOPED,ALLOWED,14,,PASS,
agent,contribution_schedules,UPDATE,DENY,ALLOWED,0,,PASS,
agent,custody_transfers,DELETE,DENY,ALLOWED,0,,PASS,
agent,custody_transfers,INSERT,DENY,ERROR,,"new row violates row-level security policy for table ""custody_transfers""",PASS,
agent,custody_transfers,SELECT,DENY,ALLOWED,0,,PASS,
agent,custody_transfers,UPDATE,DENY,ALLOWED,0,,PASS,
agent,demo_personas,DELETE,DENY,ALLOWED,0,,PASS,
agent,demo_personas,INSERT,DENY,ERROR,,"new row violates row-level security policy for table ""demo_personas""",PASS,
agent,demo_personas,SELECT,SCOPED,ALLOWED,9,,PASS,
agent,demo_personas,UPDATE,DENY,ALLOWED,0,,PASS,
agent,distributors,DELETE,DENY,ALLOWED,0,,PASS,
agent,distributors,INSERT,DENY,ERROR,,"new row violates row-level security policy for table ""distributors""",PASS,
agent,distributors,SELECT,SCOPED,ALLOWED,0,,GAP,
agent,distributors,UPDATE,DENY,ALLOWED,0,,PASS,
agent,districts,DELETE,DENY,ALLOWED,0,,PASS,
agent,districts,INSERT,DENY,ERROR,,"new row violates row-level security policy for table ""districts""",PASS,
agent,districts,SELECT,SCOPED,ALLOWED,136,,PASS,
agent,districts,UPDATE,DENY,ALLOWED,0,,PASS,
agent,employer_invites,DELETE,DENY,ALLOWED,0,,PASS,
agent,employer_invites,INSERT,DENY,ERROR,,"new row violates row-level security policy for table ""employer_invites""",PASS,
agent,employer_invites,SELECT,DENY,ALLOWED,0,,PASS,
agent,employer_invites,UPDATE,DENY,ALLOWED,0,,PASS,
agent,employers,DELETE,DENY,ALLOWED,0,,PASS,
agent,employers,INSERT,DENY,ERROR,,"new row violates row-level security policy for table ""employers""",PASS,
agent,employers,SELECT,DENY,ALLOWED,0,,PASS,
agent,employers,UPDATE,DENY,ALLOWED,0,,PASS,
agent,entity_detach_log,DELETE,DENY,ERROR,,permission denied for table entity_detach_log,PASS,
agent,entity_detach_log,INSERT,DENY,ERROR,,permission denied for table entity_detach_log,PASS,
agent,entity_detach_log,SELECT,DENY,ERROR,,permission denied for table entity_detach_log,PASS,
agent,entity_detach_log,UPDATE,DENY,ERROR,,permission denied for table entity_detach_log,PASS,
agent,entity_status_log,DELETE,DENY,ERROR,,permission denied for table entity_status_log,PASS,
agent,entity_status_log,INSERT,DENY,ERROR,,permission denied for table entity_status_log,PASS,
agent,entity_status_log,SELECT,DENY,ERROR,,permission denied for table entity_status_log,PASS,
agent,entity_status_log,UPDATE,DENY,ERROR,,permission denied for table entity_status_log,PASS,
agent,insurance_policies,DELETE,DENY,ALLOWED,0,,PASS,
agent,insurance_policies,INSERT,DENY,ERROR,,"new row violates row-level security policy for table ""insurance_policies""",PASS,
agent,insurance_policies,SELECT,SCOPED,ALLOWED,7,,PASS,
agent,insurance_policies,UPDATE,DENY,ALLOWED,0,,PASS,
agent,money_nonces,DELETE,DENY,ALLOWED,0,,PASS,
agent,money_nonces,INSERT,DENY,ERROR,,"new row violates row-level security policy for table ""money_nonces""",PASS,
agent,money_nonces,SELECT,DENY,ALLOWED,0,,PASS,
agent,money_nonces,UPDATE,DENY,ALLOWED,0,,PASS,
agent,nav_snapshots,DELETE,DENY,ALLOWED,0,,PASS,
agent,nav_snapshots,INSERT,DENY,ERROR,,"new row violates row-level security policy for table ""nav_snapshots""",PASS,
agent,nav_snapshots,SELECT,DENY,ALLOWED,0,,PASS,
agent,nav_snapshots,UPDATE,DENY,ALLOWED,0,,PASS,
agent,nominee_claims,DELETE,DENY,ALLOWED,0,,PASS,
agent,nominee_claims,INSERT,DENY,ERROR,,"new row violates row-level security policy for table ""nominee_claims""",PASS,
agent,nominee_claims,SELECT,DENY,ALLOWED,0,,PASS,
agent,nominee_claims,UPDATE,DENY,ALLOWED,0,,PASS,
agent,nominees,DELETE,DENY,ALLOWED,0,,PASS,
agent,nominees,INSERT,DENY,ERROR,,"new row violates row-level security policy for table ""nominees""",PASS,
agent,nominees,SELECT,SCOPED,ALLOWED,47,,PASS,
agent,nominees,UPDATE,DENY,ALLOWED,0,,PASS,
agent,notifications,DELETE,DENY,ALLOWED,0,,PASS,
agent,notifications,INSERT,DENY,ERROR,,"new row violates row-level security policy for table ""notifications""",PASS,
agent,notifications,SELECT,SCOPED,ALLOWED,4,,PASS,
agent,notifications,UPDATE,DENY,ALLOWED,0,,PASS,
agent,regions,DELETE,DENY,ALLOWED,0,,PASS,
agent,regions,INSERT,DENY,ERROR,,"new row violates row-level security policy for table ""regions""",PASS,
agent,regions,SELECT,SCOPED,ALLOWED,4,,PASS,
agent,regions,UPDATE,DENY,ALLOWED,0,,PASS,
agent,settlement_batches,DELETE,DENY,ALLOWED,0,,PASS,
agent,settlement_batches,INSERT,DENY,ERROR,,"new row violates row-level security policy for table ""settlement_batches""",PASS,
agent,settlement_batches,SELECT,SCOPED,ALLOWED,4,,PASS,
agent,settlement_batches,UPDATE,DENY,ALLOWED,0,,PASS,
agent,settlement_uploads,DELETE,DENY,ALLOWED,0,,PASS,
agent,settlement_uploads,INSERT,DENY,ERROR,,"new row violates row-level security policy for table ""settlement_uploads""",PASS,
agent,settlement_uploads,SELECT,DENY,ALLOWED,0,,PASS,
agent,settlement_uploads,UPDATE,DENY,ALLOWED,0,,PASS,
agent,subscriber_balances,DELETE,DENY,ALLOWED,0,,PASS,
agent,subscriber_balances,INSERT,DENY,ERROR,,"new row violates row-level security policy for table ""subscriber_balances""",PASS,
agent,subscriber_balances,SELECT,SCOPED,ALLOWED,14,,PASS,
agent,subscriber_balances,UPDATE,DENY,ALLOWED,0,,PASS,
agent,subscriber_balances_pre_nav,DELETE,DENY,ALLOWED,0,,PASS,
agent,subscriber_balances_pre_nav,INSERT,DENY,ERROR,,"new row violates row-level security policy for table ""subscriber_balances_pre_nav""",PASS,
agent,subscriber_balances_pre_nav,SELECT,DENY,ALLOWED,0,,PASS,
agent,subscriber_balances_pre_nav,UPDATE,DENY,ALLOWED,0,,PASS,
agent,subscriber_insurance_products,DELETE,DENY,ALLOWED,0,,PASS,
agent,subscriber_insurance_products,INSERT,DENY,ERROR,,"new row violates row-level security policy for table ""subscriber_insurance_products""",PASS,
agent,subscriber_insurance_products,SELECT,SCOPED,ALLOWED,11,,PASS,
agent,subscriber_insurance_products,UPDATE,DENY,ALLOWED,0,,PASS,
agent,subscriber_signup_uploads,DELETE,DENY,ALLOWED,0,,PASS,
agent,subscriber_signup_uploads,INSERT,DENY,ERROR,,"new row violates row-level security policy for table ""subscriber_signup_uploads""",PASS,
agent,subscriber_signup_uploads,SELECT,DENY,ALLOWED,0,,PASS,
agent,subscriber_signup_uploads,UPDATE,DENY,ALLOWED,0,,PASS,
agent,subscribers,DELETE,DENY,ALLOWED,0,,PASS,
agent,subscribers,INSERT,DENY,ALLOWED-RLS-PASSED,(post-RLS unique violation),"duplicate key value violates unique constraint ""subscribers_phone_unique_non_demo_idx""",FAIL,RLS WITH CHECK passed; only the unique index stopped the row
agent,subscribers,SELECT,SCOPED,ALLOWED,14,,PASS,
agent,subscribers,UPDATE,DENY,ALLOWED,0,,PASS,
agent,subscribers_unit_value_pre_nav,DELETE,DENY,ALLOWED,0,,PASS,
agent,subscribers_unit_value_pre_nav,INSERT,DENY,ERROR,,"new row violates row-level security policy for table ""subscribers_unit_value_pre_nav""",PASS,
agent,subscribers_unit_value_pre_nav,SELECT,DENY,ALLOWED,0,,PASS,
agent,subscribers_unit_value_pre_nav,UPDATE,DENY,ALLOWED,0,,PASS,
agent,transactions,DELETE,DENY,ALLOWED,0,,PASS,
agent,transactions,INSERT,DENY,ERROR,,"new row violates row-level security policy for table ""transactions""",PASS,
agent,transactions,SELECT,SCOPED,ALLOWED,77,,PASS,
agent,transactions,UPDATE,DENY,ALLOWED,0,,PASS,
agent,users,DELETE,DENY,ALLOWED,0,,PASS,
agent,users,INSERT,DENY,ERROR,,"new row violates row-level security policy for table ""users""",PASS,
agent,users,SELECT,DENY,ALLOWED,0,,PASS,
agent,users,UPDATE,DENY,ERROR,,permission denied for table users,PASS,
agent,withdrawals,DELETE,DENY,ALLOWED,0,,PASS,
agent,withdrawals,INSERT,DENY,ERROR,,"new row violates row-level security policy for table ""withdrawals""",PASS,
agent,withdrawals,SELECT,SCOPED,ALLOWED,19,,PASS,
agent,withdrawals,UPDATE,DENY,ALLOWED,0,,PASS,
branch,access_requests,DELETE,DENY,ALLOWED,0,,PASS,
branch,access_requests,INSERT,DENY,ERROR,,"new row violates row-level security policy for table ""access_requests""",PASS,
branch,access_requests,SELECT,DENY,ALLOWED,0,,PASS,
branch,access_requests,UPDATE,DENY,ALLOWED,0,,PASS,
branch,agent_referrals,DELETE,DENY,ALLOWED,0,,PASS,
branch,agent_referrals,INSERT,DENY,ERROR,,"new row violates row-level security policy for table ""agent_referrals""",PASS,
branch,agent_referrals,SELECT,DENY,ALLOWED,0,,PASS,
branch,agent_referrals,UPDATE,DENY,ALLOWED,0,,PASS,
branch,agents,DELETE,DENY,ALLOWED,0,,PASS,
branch,agents,INSERT,DENY,ERROR,,"new row violates row-level security policy for table ""agents""",PASS,
branch,agents,SELECT,SCOPED,ALLOWED,5,,PASS,
branch,agents,UPDATE,DENY,ALLOWED,5,,FAIL,
branch,branches,DELETE,DENY,ALLOWED,0,,PASS,
branch,branches,INSERT,DENY,ERROR,,"new row violates row-level security policy for table ""branches""",PASS,
branch,branches,SELECT,SCOPED,ALLOWED,1,,PASS,
branch,branches,UPDATE,DENY,ALLOWED,0,,PASS,
branch,claims,DELETE,DENY,ALLOWED,0,,PASS,
branch,claims,INSERT,DENY,ERROR,,"new row violates row-level security policy for table ""claims""",PASS,
branch,claims,SELECT,SCOPED,ALLOWED,15,,PASS,
branch,claims,UPDATE,DENY,ALLOWED,0,,PASS,
branch,commission_config,DELETE,DENY,ALLOWED,0,,PASS,
branch,commission_config,INSERT,DENY,ERROR,,"new row violates row-level security policy for table ""commission_config""",PASS,
branch,commission_config,SELECT,SCOPED,ALLOWED,1,,PASS,
branch,commission_config,UPDATE,DENY,ALLOWED,0,,PASS,
branch,commissions,DELETE,DENY,ALLOWED,0,,PASS,
branch,commissions,INSERT,DENY,ERROR,,"new row violates row-level security policy for table ""commissions""",PASS,
branch,commissions,SELECT,SCOPED,ALLOWED,31,,PASS,
branch,commissions,UPDATE,DENY,ALLOWED,0,,PASS,
branch,contact_submissions,DELETE,DENY,ALLOWED,0,,PASS,
branch,contact_submissions,INSERT,DENY,ERROR,,"new row violates row-level security policy for table ""contact_submissions""",PASS,
branch,contact_submissions,SELECT,DENY,ALLOWED,0,,PASS,
branch,contact_submissions,UPDATE,DENY,ALLOWED,0,,PASS,
branch,contribution_run_uploads,DELETE,DENY,ALLOWED,0,,PASS,
branch,contribution_run_uploads,INSERT,DENY,ERROR,,"new row violates row-level security policy for table ""contribution_run_uploads""",PASS,
branch,contribution_run_uploads,SELECT,DENY,ALLOWED,0,,PASS,
branch,contribution_run_uploads,UPDATE,DENY,ALLOWED,0,,PASS,
branch,contribution_runs,DELETE,DENY,ALLOWED,0,,PASS,
branch,contribution_runs,INSERT,DENY,ERROR,,"new row violates row-level security policy for table ""contribution_runs""",PASS,
branch,contribution_runs,SELECT,DENY,ALLOWED,0,,PASS,
branch,contribution_runs,UPDATE,DENY,ALLOWED,0,,PASS,
branch,contribution_schedules,DELETE,DENY,ALLOWED,0,,PASS,
branch,contribution_schedules,INSERT,DENY,ERROR,,"new row violates row-level security policy for table ""contribution_schedules""",PASS,
branch,contribution_schedules,SELECT,SCOPED,ALLOWED,31,,PASS,
branch,contribution_schedules,UPDATE,DENY,ALLOWED,0,,PASS,
branch,custody_transfers,DELETE,DENY,ALLOWED,0,,PASS,
branch,custody_transfers,INSERT,DENY,ERROR,,"new row violates row-level security policy for table ""custody_transfers""",PASS,
branch,custody_transfers,SELECT,DENY,ALLOWED,0,,PASS,
branch,custody_transfers,UPDATE,DENY,ALLOWED,0,,PASS,
branch,demo_personas,DELETE,DENY,ALLOWED,0,,PASS,
branch,demo_personas,INSERT,DENY,ERROR,,"new row violates row-level security policy for table ""demo_personas""",PASS,
branch,demo_personas,SELECT,SCOPED,ALLOWED,9,,PASS,
branch,demo_personas,UPDATE,DENY,ALLOWED,0,,PASS,
branch,distributors,DELETE,DENY,ALLOWED,0,,PASS,
branch,distributors,INSERT,DENY,ERROR,,"new row violates row-level security policy for table ""distributors""",PASS,
branch,distributors,SELECT,SCOPED,ALLOWED,0,,GAP,
branch,distributors,UPDATE,DENY,ALLOWED,0,,PASS,
branch,districts,DELETE,DENY,ALLOWED,0,,PASS,
branch,districts,INSERT,DENY,ERROR,,"new row violates row-level security policy for table ""districts""",PASS,
branch,districts,SELECT,SCOPED,ALLOWED,136,,PASS,
branch,districts,UPDATE,DENY,ALLOWED,0,,PASS,
branch,employer_invites,DELETE,DENY,ALLOWED,0,,PASS,
branch,employer_invites,INSERT,DENY,ERROR,,"new row violates row-level security policy for table ""employer_invites""",PASS,
branch,employer_invites,SELECT,DENY,ALLOWED,0,,PASS,
branch,employer_invites,UPDATE,DENY,ALLOWED,0,,PASS,
branch,employers,DELETE,DENY,ALLOWED,0,,PASS,
branch,employers,INSERT,DENY,ERROR,,"new row violates row-level security policy for table ""employers""",PASS,
branch,employers,SELECT,DENY,ALLOWED,0,,PASS,
branch,employers,UPDATE,DENY,ALLOWED,0,,PASS,
branch,entity_detach_log,DELETE,DENY,ERROR,,permission denied for table entity_detach_log,PASS,
branch,entity_detach_log,INSERT,DENY,ERROR,,permission denied for table entity_detach_log,PASS,
branch,entity_detach_log,SELECT,DENY,ERROR,,permission denied for table entity_detach_log,PASS,
branch,entity_detach_log,UPDATE,DENY,ERROR,,permission denied for table entity_detach_log,PASS,
branch,entity_status_log,DELETE,DENY,ERROR,,permission denied for table entity_status_log,PASS,
branch,entity_status_log,INSERT,DENY,ERROR,,permission denied for table entity_status_log,PASS,
branch,entity_status_log,SELECT,DENY,ERROR,,permission denied for table entity_status_log,PASS,
branch,entity_status_log,UPDATE,DENY,ERROR,,permission denied for table entity_status_log,PASS,
branch,insurance_policies,DELETE,DENY,ALLOWED,0,,PASS,
branch,insurance_policies,INSERT,DENY,ERROR,,"new row violates row-level security policy for table ""insurance_policies""",PASS,
branch,insurance_policies,SELECT,SCOPED,ALLOWED,13,,PASS,
branch,insurance_policies,UPDATE,DENY,ALLOWED,0,,PASS,
branch,money_nonces,DELETE,DENY,ALLOWED,0,,PASS,
branch,money_nonces,INSERT,DENY,ERROR,,"new row violates row-level security policy for table ""money_nonces""",PASS,
branch,money_nonces,SELECT,DENY,ALLOWED,0,,PASS,
branch,money_nonces,UPDATE,DENY,ALLOWED,0,,PASS,
branch,nav_snapshots,DELETE,DENY,ALLOWED,0,,PASS,
branch,nav_snapshots,INSERT,DENY,ERROR,,"new row violates row-level security policy for table ""nav_snapshots""",PASS,
branch,nav_snapshots,SELECT,DENY,ALLOWED,0,,PASS,
branch,nav_snapshots,UPDATE,DENY,ALLOWED,0,,PASS,
branch,nominee_claims,DELETE,DENY,ALLOWED,0,,PASS,
branch,nominee_claims,INSERT,DENY,ERROR,,"new row violates row-level security policy for table ""nominee_claims""",PASS,
branch,nominee_claims,SELECT,DENY,ALLOWED,0,,PASS,
branch,nominee_claims,UPDATE,DENY,ALLOWED,0,,PASS,
branch,nominees,DELETE,DENY,ALLOWED,0,,PASS,
branch,nominees,INSERT,DENY,ERROR,,"new row violates row-level security policy for table ""nominees""",PASS,
branch,nominees,SELECT,SCOPED,ALLOWED,167,,PASS,
branch,nominees,UPDATE,DENY,ALLOWED,0,,PASS,
branch,notifications,DELETE,DENY,ALLOWED,0,,PASS,
branch,notifications,INSERT,DENY,ERROR,,"new row violates row-level security policy for table ""notifications""",PASS,
branch,notifications,SELECT,SCOPED,ALLOWED,1,,PASS,
branch,notifications,UPDATE,DENY,ALLOWED,0,,PASS,
branch,regions,DELETE,DENY,ALLOWED,0,,PASS,
branch,regions,INSERT,DENY,ERROR,,"new row violates row-level security policy for table ""regions""",PASS,
branch,regions,SELECT,SCOPED,ALLOWED,4,,PASS,
branch,regions,UPDATE,DENY,ALLOWED,0,,PASS,
branch,settlement_batches,DELETE,DENY,ALLOWED,0,,PASS,
branch,settlement_batches,INSERT,DENY,ERROR,,"new row violates row-level security policy for table ""settlement_batches""",PASS,
branch,settlement_batches,SELECT,SCOPED,ALLOWED,1,,PASS,
branch,settlement_batches,UPDATE,DENY,ALLOWED,0,,PASS,
branch,settlement_uploads,DELETE,DENY,ALLOWED,0,,PASS,
branch,settlement_uploads,INSERT,DENY,ERROR,,"new row violates row-level security policy for table ""settlement_uploads""",PASS,
branch,settlement_uploads,SELECT,DENY,ALLOWED,0,,PASS,
branch,settlement_uploads,UPDATE,DENY,ALLOWED,0,,PASS,
branch,subscriber_balances,DELETE,DENY,ALLOWED,0,,PASS,
branch,subscriber_balances,INSERT,DENY,ERROR,,"new row violates row-level security policy for table ""subscriber_balances""",PASS,
branch,subscriber_balances,SELECT,SCOPED,ALLOWED,31,,PASS,
branch,subscriber_balances,UPDATE,DENY,ALLOWED,0,,PASS,
branch,subscriber_balances_pre_nav,DELETE,DENY,ALLOWED,0,,PASS,
branch,subscriber_balances_pre_nav,INSERT,DENY,ERROR,,"new row violates row-level security policy for table ""subscriber_balances_pre_nav""",PASS,
branch,subscriber_balances_pre_nav,SELECT,DENY,ALLOWED,0,,PASS,
branch,subscriber_balances_pre_nav,UPDATE,DENY,ALLOWED,0,,PASS,
branch,subscriber_insurance_products,DELETE,DENY,ALLOWED,0,,PASS,
branch,subscriber_insurance_products,INSERT,DENY,ERROR,,"new row violates row-level security policy for table ""subscriber_insurance_products""",PASS,
branch,subscriber_insurance_products,SELECT,SCOPED,ALLOWED,0,,GAP,
branch,subscriber_insurance_products,UPDATE,DENY,ALLOWED,0,,PASS,
branch,subscriber_signup_uploads,DELETE,DENY,ALLOWED,0,,PASS,
branch,subscriber_signup_uploads,INSERT,DENY,ERROR,,"new row violates row-level security policy for table ""subscriber_signup_uploads""",PASS,
branch,subscriber_signup_uploads,SELECT,DENY,ALLOWED,0,,PASS,
branch,subscriber_signup_uploads,UPDATE,DENY,ALLOWED,0,,PASS,
branch,subscribers,DELETE,DENY,ALLOWED,0,,PASS,
branch,subscribers,INSERT,DENY,ERROR,,"new row violates row-level security policy for table ""subscribers""",PASS,
branch,subscribers,SELECT,SCOPED,ALLOWED,31,,PASS,
branch,subscribers,UPDATE,DENY,ALLOWED,0,,PASS,
branch,subscribers_unit_value_pre_nav,DELETE,DENY,ALLOWED,0,,PASS,
branch,subscribers_unit_value_pre_nav,INSERT,DENY,ERROR,,"new row violates row-level security policy for table ""subscribers_unit_value_pre_nav""",PASS,
branch,subscribers_unit_value_pre_nav,SELECT,DENY,ALLOWED,0,,PASS,
branch,subscribers_unit_value_pre_nav,UPDATE,DENY,ALLOWED,0,,PASS,
branch,transactions,DELETE,DENY,ALLOWED,0,,PASS,
branch,transactions,INSERT,DENY,ERROR,,"new row violates row-level security policy for table ""transactions""",PASS,
branch,transactions,SELECT,SCOPED,ALLOWED,165,,PASS,
branch,transactions,UPDATE,DENY,ALLOWED,0,,PASS,
branch,users,DELETE,DENY,ALLOWED,0,,PASS,
branch,users,INSERT,DENY,ERROR,,"new row violates row-level security policy for table ""users""",PASS,
branch,users,SELECT,DENY,ALLOWED,0,,PASS,
branch,users,UPDATE,DENY,ERROR,,permission denied for table users,PASS,
branch,withdrawals,DELETE,DENY,ALLOWED,0,,PASS,
branch,withdrawals,INSERT,DENY,ERROR,,"new row violates row-level security policy for table ""withdrawals""",PASS,
branch,withdrawals,SELECT,SCOPED,ALLOWED,34,,PASS,
branch,withdrawals,UPDATE,DENY,ALLOWED,0,,PASS,
distributor,access_requests,DELETE,DENY,ALLOWED,0,,PASS,
distributor,access_requests,INSERT,DENY,ERROR,,"new row violates row-level security policy for table ""access_requests""",PASS,
distributor,access_requests,SELECT,DENY,ALLOWED,0,,PASS,
distributor,access_requests,UPDATE,DENY,ALLOWED,0,,PASS,
distributor,agent_referrals,DELETE,DENY,ALLOWED,0,,PASS,
distributor,agent_referrals,INSERT,DENY,ERROR,,"new row violates row-level security policy for table ""agent_referrals""",PASS,
distributor,agent_referrals,SELECT,DENY,ALLOWED,0,,PASS,
distributor,agent_referrals,UPDATE,DENY,ALLOWED,0,,PASS,
distributor,agents,DELETE,DENY,ALLOWED,0,,PASS,
distributor,agents,INSERT,DENY,ERROR,,"new row violates row-level security policy for table ""agents""",PASS,
distributor,agents,SELECT,SCOPED,ALLOWED,1872,,PASS,
distributor,agents,UPDATE,DENY,ALLOWED,0,,PASS,
distributor,branches,DELETE,DENY,ALLOWED,0,,PASS,
distributor,branches,INSERT,DENY,ALLOWED,1,,FAIL,
distributor,branches,SELECT,SCOPED,ALLOWED,291,,PASS,
distributor,branches,UPDATE,DENY,ALLOWED,291,,FAIL,
distributor,claims,DELETE,DENY,ALLOWED,0,,PASS,
distributor,claims,INSERT,DENY,ERROR,,"new row violates row-level security policy for table ""claims""",PASS,
distributor,claims,SELECT,SCOPED,ALLOWED,1750,,PASS,
distributor,claims,UPDATE,DENY,ALLOWED,0,,PASS,
distributor,commission_config,DELETE,DENY,ALLOWED,0,,PASS,
distributor,commission_config,INSERT,DENY,ERROR,,"new row violates row-level security policy for table ""commission_config""",PASS,
distributor,commission_config,SELECT,SCOPED,ALLOWED,2,,PASS,
distributor,commission_config,UPDATE,DENY,ALLOWED,0,,PASS,
distributor,commissions,DELETE,DENY,ALLOWED,0,,PASS,
distributor,commissions,INSERT,DENY,ERROR,,"new row violates row-level security policy for table ""commissions""",PASS,
distributor,commissions,SELECT,SCOPED,ALLOWED,4605,,PASS,
distributor,commissions,UPDATE,DENY,ALLOWED,0,,PASS,
distributor,contact_submissions,DELETE,DENY,ALLOWED,0,,PASS,
distributor,contact_submissions,INSERT,DENY,ERROR,,"new row violates row-level security policy for table ""contact_submissions""",PASS,
distributor,contact_submissions,SELECT,DENY,ALLOWED,0,,PASS,
distributor,contact_submissions,UPDATE,DENY,ALLOWED,0,,PASS,
distributor,contribution_run_uploads,DELETE,DENY,ALLOWED,0,,PASS,
distributor,contribution_run_uploads,INSERT,DENY,ERROR,,"new row violates row-level security policy for table ""contribution_run_uploads""",PASS,
distributor,contribution_run_uploads,SELECT,DENY,ALLOWED,0,,PASS,
distributor,contribution_run_uploads,UPDATE,DENY,ALLOWED,0,,PASS,
distributor,contribution_runs,DELETE,DENY,ALLOWED,0,,PASS,
distributor,contribution_runs,INSERT,DENY,ERROR,,"new row violates row-level security policy for table ""contribution_runs""",PASS,
distributor,contribution_runs,SELECT,DENY,ALLOWED,0,,PASS,
distributor,contribution_runs,UPDATE,DENY,ALLOWED,0,,PASS,
distributor,contribution_schedules,DELETE,DENY,ALLOWED,0,,PASS,
distributor,contribution_schedules,INSERT,DENY,ERROR,,"new row violates row-level security policy for table ""contribution_schedules""",PASS,
distributor,contribution_schedules,SELECT,SCOPED,ALLOWED,4605,,PASS,
distributor,contribution_schedules,UPDATE,DENY,ALLOWED,0,,PASS,
distributor,custody_transfers,DELETE,DENY,ALLOWED,0,,PASS,
distributor,custody_transfers,INSERT,DENY,ERROR,,"new row violates row-level security policy for table ""custody_transfers""",PASS,
distributor,custody_transfers,SELECT,DENY,ALLOWED,0,,PASS,
distributor,custody_transfers,UPDATE,DENY,ALLOWED,0,,PASS,
distributor,demo_personas,DELETE,DENY,ALLOWED,0,,PASS,
distributor,demo_personas,INSERT,DENY,ERROR,,"new row violates row-level security policy for table ""demo_personas""",PASS,
distributor,demo_personas,SELECT,SCOPED,ALLOWED,9,,PASS,
distributor,demo_personas,UPDATE,DENY,ALLOWED,0,,PASS,
distributor,distributors,DELETE,DENY,ALLOWED,0,,PASS,
distributor,distributors,INSERT,DENY,ERROR,,"new row violates row-level security policy for table ""distributors""",PASS,
distributor,distributors,SELECT,SCOPED,ALLOWED,1,,PASS,
distributor,distributors,UPDATE,DENY,ALLOWED,1,,FAIL,
distributor,districts,DELETE,DENY,ALLOWED,0,,PASS,
distributor,districts,INSERT,DENY,ERROR,,"new row violates row-level security policy for table ""districts""",PASS,
distributor,districts,SELECT,SCOPED,ALLOWED,136,,PASS,
distributor,districts,UPDATE,DENY,ALLOWED,0,,PASS,
distributor,employer_invites,DELETE,DENY,ALLOWED,0,,PASS,
distributor,employer_invites,INSERT,DENY,ERROR,,"new row violates row-level security policy for table ""employer_invites""",PASS,
distributor,employer_invites,SELECT,DENY,ALLOWED,0,,PASS,
distributor,employer_invites,UPDATE,DENY,ALLOWED,0,,PASS,
distributor,employers,DELETE,DENY,ALLOWED,0,,PASS,
distributor,employers,INSERT,DENY,ERROR,,"new row violates row-level security policy for table ""employers""",PASS,
distributor,employers,SELECT,DENY,ALLOWED,0,,PASS,
distributor,employers,UPDATE,DENY,ALLOWED,0,,PASS,
distributor,entity_detach_log,DELETE,DENY,ERROR,,permission denied for table entity_detach_log,PASS,
distributor,entity_detach_log,INSERT,DENY,ERROR,,permission denied for table entity_detach_log,PASS,
distributor,entity_detach_log,SELECT,DENY,ERROR,,permission denied for table entity_detach_log,PASS,
distributor,entity_detach_log,UPDATE,DENY,ERROR,,permission denied for table entity_detach_log,PASS,
distributor,entity_status_log,DELETE,DENY,ERROR,,permission denied for table entity_status_log,PASS,
distributor,entity_status_log,INSERT,DENY,ERROR,,permission denied for table entity_status_log,PASS,
distributor,entity_status_log,SELECT,DENY,ERROR,,permission denied for table entity_status_log,PASS,
distributor,entity_status_log,UPDATE,DENY,ERROR,,permission denied for table entity_status_log,PASS,
distributor,insurance_policies,DELETE,DENY,ALLOWED,0,,PASS,
distributor,insurance_policies,INSERT,DENY,ERROR,,"new row violates row-level security policy for table ""insurance_policies""",PASS,
distributor,insurance_policies,SELECT,SCOPED,ALLOWED,2478,,PASS,
distributor,insurance_policies,UPDATE,DENY,ALLOWED,0,,PASS,
distributor,money_nonces,DELETE,DENY,ALLOWED,0,,PASS,
distributor,money_nonces,INSERT,DENY,ERROR,,"new row violates row-level security policy for table ""money_nonces""",PASS,
distributor,money_nonces,SELECT,DENY,ALLOWED,0,,PASS,
distributor,money_nonces,UPDATE,DENY,ALLOWED,0,,PASS,
distributor,nav_snapshots,DELETE,DENY,ALLOWED,0,,PASS,
distributor,nav_snapshots,INSERT,DENY,ERROR,,"new row violates row-level security policy for table ""nav_snapshots""",PASS,
distributor,nav_snapshots,SELECT,DENY,ALLOWED,0,,PASS,
distributor,nav_snapshots,UPDATE,DENY,ALLOWED,0,,PASS,
distributor,nominee_claims,DELETE,DENY,ALLOWED,0,,PASS,
distributor,nominee_claims,INSERT,DENY,ERROR,,"new row violates row-level security policy for table ""nominee_claims""",PASS,
distributor,nominee_claims,SELECT,DENY,ALLOWED,0,,PASS,
distributor,nominee_claims,UPDATE,DENY,ALLOWED,0,,PASS,
distributor,nominees,DELETE,DENY,ALLOWED,0,,PASS,
distributor,nominees,INSERT,DENY,ERROR,,"new row violates row-level security policy for table ""nominees""",PASS,
distributor,nominees,SELECT,SCOPED,ALLOWED,22543,,PASS,
distributor,nominees,UPDATE,DENY,ALLOWED,0,,PASS,
distributor,notifications,DELETE,DENY,ALLOWED,0,,PASS,
distributor,notifications,INSERT,DENY,ERROR,,"new row violates row-level security policy for table ""notifications""",PASS,
distributor,notifications,SELECT,SCOPED,ALLOWED,0,,N/A-NO-ROWS,no rows with recipient_role=distributor (verified: count=0)
distributor,notifications,UPDATE,DENY,ALLOWED,0,,PASS,
distributor,regions,DELETE,DENY,ALLOWED,0,,PASS,
distributor,regions,INSERT,DENY,ERROR,,"new row violates row-level security policy for table ""regions""",PASS,
distributor,regions,SELECT,SCOPED,ALLOWED,4,,PASS,
distributor,regions,UPDATE,DENY,ALLOWED,0,,PASS,
distributor,settlement_batches,DELETE,DENY,ALLOWED,0,,PASS,
distributor,settlement_batches,INSERT,DENY,ERROR,,"new row violates row-level security policy for table ""settlement_batches""",PASS,
distributor,settlement_batches,SELECT,SCOPED,ALLOWED,5,,PASS,
distributor,settlement_batches,UPDATE,DENY,ALLOWED,0,,PASS,
distributor,settlement_uploads,DELETE,DENY,ALLOWED,0,,PASS,
distributor,settlement_uploads,INSERT,DENY,ERROR,,"new row violates row-level security policy for table ""settlement_uploads""",PASS,
distributor,settlement_uploads,SELECT,DENY,ALLOWED,0,,PASS,
distributor,settlement_uploads,UPDATE,DENY,ALLOWED,0,,PASS,
distributor,subscriber_balances,DELETE,DENY,ALLOWED,0,,PASS,
distributor,subscriber_balances,INSERT,DENY,ERROR,,"new row violates row-level security policy for table ""subscriber_balances""",PASS,
distributor,subscriber_balances,SELECT,SCOPED,ALLOWED,4605,,PASS,
distributor,subscriber_balances,UPDATE,DENY,ALLOWED,0,,PASS,
distributor,subscriber_balances_pre_nav,DELETE,DENY,ALLOWED,0,,PASS,
distributor,subscriber_balances_pre_nav,INSERT,DENY,ERROR,,"new row violates row-level security policy for table ""subscriber_balances_pre_nav""",PASS,
distributor,subscriber_balances_pre_nav,SELECT,DENY,ALLOWED,0,,PASS,
distributor,subscriber_balances_pre_nav,UPDATE,DENY,ALLOWED,0,,PASS,
distributor,subscriber_insurance_products,DELETE,DENY,ALLOWED,0,,PASS,
distributor,subscriber_insurance_products,INSERT,DENY,ERROR,,"new row violates row-level security policy for table ""subscriber_insurance_products""",PASS,
distributor,subscriber_insurance_products,SELECT,SCOPED,ALLOWED,0,,GAP,
distributor,subscriber_insurance_products,UPDATE,DENY,ALLOWED,0,,PASS,
distributor,subscriber_signup_uploads,DELETE,DENY,ALLOWED,0,,PASS,
distributor,subscriber_signup_uploads,INSERT,DENY,ERROR,,"new row violates row-level security policy for table ""subscriber_signup_uploads""",PASS,
distributor,subscriber_signup_uploads,SELECT,DENY,ALLOWED,0,,PASS,
distributor,subscriber_signup_uploads,UPDATE,DENY,ALLOWED,0,,PASS,
distributor,subscribers,DELETE,DENY,ALLOWED,0,,PASS,
distributor,subscribers,INSERT,DENY,ERROR,,"new row violates row-level security policy for table ""subscribers""",PASS,
distributor,subscribers,SELECT,SCOPED,ALLOWED,4605,,PASS,
distributor,subscribers,UPDATE,DENY,ALLOWED,0,,PASS,
distributor,subscribers_unit_value_pre_nav,DELETE,DENY,ALLOWED,0,,PASS,
distributor,subscribers_unit_value_pre_nav,INSERT,DENY,ERROR,,"new row violates row-level security policy for table ""subscribers_unit_value_pre_nav""",PASS,
distributor,subscribers_unit_value_pre_nav,SELECT,DENY,ALLOWED,0,,PASS,
distributor,subscribers_unit_value_pre_nav,UPDATE,DENY,ALLOWED,0,,PASS,
distributor,transactions,DELETE,DENY,ALLOWED,0,,PASS,
distributor,transactions,INSERT,DENY,ERROR,,"new row violates row-level security policy for table ""transactions""",PASS,
distributor,transactions,SELECT,SCOPED,ALLOWED,24961,,PASS,
distributor,transactions,UPDATE,DENY,ALLOWED,0,,PASS,
distributor,users,DELETE,DENY,ALLOWED,0,,PASS,
distributor,users,INSERT,DENY,ERROR,,"new row violates row-level security policy for table ""users""",PASS,
distributor,users,SELECT,DENY,ALLOWED,0,,PASS,
distributor,users,UPDATE,DENY,ERROR,,permission denied for table users,PASS,
distributor,withdrawals,DELETE,DENY,ALLOWED,0,,PASS,
distributor,withdrawals,INSERT,DENY,ERROR,,"new row violates row-level security policy for table ""withdrawals""",PASS,
distributor,withdrawals,SELECT,SCOPED,ALLOWED,4506,,PASS,
distributor,withdrawals,UPDATE,DENY,ALLOWED,0,,PASS,
employer,access_requests,DELETE,DENY,ALLOWED,0,,PASS,
employer,access_requests,INSERT,DENY,ERROR,,"new row violates row-level security policy for table ""access_requests""",PASS,
employer,access_requests,SELECT,DENY,ALLOWED,0,,PASS,
employer,access_requests,UPDATE,DENY,ALLOWED,0,,PASS,
employer,agent_referrals,DELETE,DENY,ALLOWED,0,,PASS,
employer,agent_referrals,INSERT,DENY,ERROR,,"new row violates row-level security policy for table ""agent_referrals""",PASS,
employer,agent_referrals,SELECT,DENY,ALLOWED,0,,PASS,
employer,agent_referrals,UPDATE,DENY,ALLOWED,0,,PASS,
employer,agents,DELETE,DENY,ALLOWED,0,,PASS,
employer,agents,INSERT,DENY,ERROR,,"new row violates row-level security policy for table ""agents""",PASS,
employer,agents,SELECT,DENY,ALLOWED,0,,PASS,
employer,agents,UPDATE,DENY,ALLOWED,0,,PASS,
employer,branches,DELETE,DENY,ALLOWED,0,,PASS,
employer,branches,INSERT,DENY,ERROR,,"new row violates row-level security policy for table ""branches""",PASS,
employer,branches,SELECT,DENY,ALLOWED,0,,PASS,
employer,branches,UPDATE,DENY,ALLOWED,0,,PASS,
employer,claims,DELETE,DENY,ALLOWED,0,,PASS,
employer,claims,INSERT,DENY,ERROR,,"new row violates row-level security policy for table ""claims""",PASS,
employer,claims,SELECT,DENY,ALLOWED,0,,PASS,
employer,claims,UPDATE,DENY,ALLOWED,0,,PASS,
employer,commission_config,DELETE,DENY,ALLOWED,0,,PASS,
employer,commission_config,INSERT,DENY,ERROR,,"new row violates row-level security policy for table ""commission_config""",PASS,
employer,commission_config,SELECT,SCOPED,ALLOWED,1,,PASS,
employer,commission_config,UPDATE,DENY,ALLOWED,0,,PASS,
employer,commissions,DELETE,DENY,ALLOWED,0,,PASS,
employer,commissions,INSERT,DENY,ERROR,,"new row violates row-level security policy for table ""commissions""",PASS,
employer,commissions,SELECT,DENY,ALLOWED,0,,PASS,
employer,commissions,UPDATE,DENY,ALLOWED,0,,PASS,
employer,contact_submissions,DELETE,DENY,ALLOWED,0,,PASS,
employer,contact_submissions,INSERT,DENY,ERROR,,"new row violates row-level security policy for table ""contact_submissions""",PASS,
employer,contact_submissions,SELECT,DENY,ALLOWED,0,,PASS,
employer,contact_submissions,UPDATE,DENY,ALLOWED,0,,PASS,
employer,contribution_run_uploads,DELETE,DENY,ALLOWED,0,,PASS,
employer,contribution_run_uploads,INSERT,DENY,ERROR,,"new row violates row-level security policy for table ""contribution_run_uploads""",PASS,
employer,contribution_run_uploads,SELECT,DENY,ALLOWED,0,,PASS,
employer,contribution_run_uploads,UPDATE,DENY,ALLOWED,0,,PASS,
employer,contribution_runs,DELETE,DENY,ALLOWED,0,,PASS,
employer,contribution_runs,INSERT,DENY,ERROR,,"new row violates row-level security policy for table ""contribution_runs""",PASS,
employer,contribution_runs,SELECT,SCOPED,ALLOWED,6,,PASS,
employer,contribution_runs,UPDATE,DENY,ALLOWED,0,,PASS,
employer,contribution_schedules,DELETE,DENY,ALLOWED,0,,PASS,
employer,contribution_schedules,INSERT,DENY,ERROR,,"new row violates row-level security policy for table ""contribution_schedules""",PASS,
employer,contribution_schedules,SELECT,SCOPED,ALLOWED,21,,PASS,
employer,contribution_schedules,UPDATE,DENY,ALLOWED,0,,PASS,
employer,custody_transfers,DELETE,DENY,ALLOWED,0,,PASS,
employer,custody_transfers,INSERT,DENY,ERROR,,"new row violates row-level security policy for table ""custody_transfers""",PASS,
employer,custody_transfers,SELECT,DENY,ALLOWED,0,,PASS,
employer,custody_transfers,UPDATE,DENY,ALLOWED,0,,PASS,
employer,demo_personas,DELETE,DENY,ALLOWED,0,,PASS,
employer,demo_personas,INSERT,DENY,ERROR,,"new row violates row-level security policy for table ""demo_personas""",PASS,
employer,demo_personas,SELECT,SCOPED,ALLOWED,9,,PASS,
employer,demo_personas,UPDATE,DENY,ALLOWED,0,,PASS,
employer,distributors,DELETE,DENY,ALLOWED,0,,PASS,
employer,distributors,INSERT,DENY,ERROR,,"new row violates row-level security policy for table ""distributors""",PASS,
employer,distributors,SELECT,DENY,ALLOWED,0,,PASS,
employer,distributors,UPDATE,DENY,ALLOWED,0,,PASS,
employer,districts,DELETE,DENY,ALLOWED,0,,PASS,
employer,districts,INSERT,DENY,ERROR,,"new row violates row-level security policy for table ""districts""",PASS,
employer,districts,SELECT,SCOPED,ALLOWED,136,,PASS,
employer,districts,UPDATE,DENY,ALLOWED,0,,PASS,
employer,employer_invites,DELETE,DENY,ALLOWED,0,,PASS,
employer,employer_invites,INSERT,DENY,ERROR,,"new row violates row-level security policy for table ""employer_invites""",PASS,
employer,employer_invites,SELECT,SCOPED,ALLOWED,4,,PASS,
employer,employer_invites,UPDATE,DENY,ALLOWED,0,,PASS,
employer,employers,DELETE,DENY,ALLOWED,0,,PASS,
employer,employers,INSERT,DENY,ERROR,,"new row violates row-level security policy for table ""employers""",PASS,
employer,employers,SELECT,SCOPED,ALLOWED,1,,PASS,
employer,employers,UPDATE,DENY,ALLOWED,0,,PASS,
employer,entity_detach_log,DELETE,DENY,ERROR,,permission denied for table entity_detach_log,PASS,
employer,entity_detach_log,INSERT,DENY,ERROR,,permission denied for table entity_detach_log,PASS,
employer,entity_detach_log,SELECT,DENY,ERROR,,permission denied for table entity_detach_log,PASS,
employer,entity_detach_log,UPDATE,DENY,ERROR,,permission denied for table entity_detach_log,PASS,
employer,entity_status_log,DELETE,DENY,ERROR,,permission denied for table entity_status_log,PASS,
employer,entity_status_log,INSERT,DENY,ERROR,,permission denied for table entity_status_log,PASS,
employer,entity_status_log,SELECT,DENY,ERROR,,permission denied for table entity_status_log,PASS,
employer,entity_status_log,UPDATE,DENY,ERROR,,permission denied for table entity_status_log,PASS,
employer,insurance_policies,DELETE,DENY,ALLOWED,0,,PASS,
employer,insurance_policies,INSERT,DENY,ERROR,,"new row violates row-level security policy for table ""insurance_policies""",PASS,
employer,insurance_policies,SELECT,SCOPED,ALLOWED,21,,PASS,
employer,insurance_policies,UPDATE,DENY,ALLOWED,0,,PASS,
employer,money_nonces,DELETE,DENY,ALLOWED,0,,PASS,
employer,money_nonces,INSERT,DENY,ERROR,,"new row violates row-level security policy for table ""money_nonces""",PASS,
employer,money_nonces,SELECT,DENY,ALLOWED,0,,PASS,
employer,money_nonces,UPDATE,DENY,ALLOWED,0,,PASS,
employer,nav_snapshots,DELETE,DENY,ALLOWED,0,,PASS,
employer,nav_snapshots,INSERT,DENY,ERROR,,"new row violates row-level security policy for table ""nav_snapshots""",PASS,
employer,nav_snapshots,SELECT,DENY,ALLOWED,0,,PASS,
employer,nav_snapshots,UPDATE,DENY,ALLOWED,0,,PASS,
employer,nominee_claims,DELETE,DENY,ALLOWED,0,,PASS,
employer,nominee_claims,INSERT,DENY,ERROR,,"new row violates row-level security policy for table ""nominee_claims""",PASS,
employer,nominee_claims,SELECT,DENY,ALLOWED,0,,PASS,
employer,nominee_claims,UPDATE,DENY,ALLOWED,0,,PASS,
employer,nominees,DELETE,DENY,ALLOWED,0,,PASS,
employer,nominees,INSERT,DENY,ERROR,,"new row violates row-level security policy for table ""nominees""",PASS,
employer,nominees,SELECT,SCOPED,ALLOWED,0,,N/A-NO-ROWS,no nominees exist for emp-001 staff (verified: count=0)
employer,nominees,UPDATE,DENY,ALLOWED,0,,PASS,
employer,notifications,DELETE,DENY,ALLOWED,0,,PASS,
employer,notifications,INSERT,DENY,ERROR,,"new row violates row-level security policy for table ""notifications""",PASS,
employer,notifications,SELECT,SCOPED,ALLOWED,0,,N/A-NO-ROWS,"no rows with recipient_role=employer (verified: only agent,branch)"
employer,notifications,UPDATE,DENY,ALLOWED,0,,PASS,
employer,regions,DELETE,DENY,ALLOWED,0,,PASS,
employer,regions,INSERT,DENY,ERROR,,"new row violates row-level security policy for table ""regions""",PASS,
employer,regions,SELECT,SCOPED,ALLOWED,4,,PASS,
employer,regions,UPDATE,DENY,ALLOWED,0,,PASS,
employer,settlement_batches,DELETE,DENY,ALLOWED,0,,PASS,
employer,settlement_batches,INSERT,DENY,ERROR,,"new row violates row-level security policy for table ""settlement_batches""",PASS,
employer,settlement_batches,SELECT,DENY,ALLOWED,0,,PASS,
employer,settlement_batches,UPDATE,DENY,ALLOWED,0,,PASS,
employer,settlement_uploads,DELETE,DENY,ALLOWED,0,,PASS,
employer,settlement_uploads,INSERT,DENY,ERROR,,"new row violates row-level security policy for table ""settlement_uploads""",PASS,
employer,settlement_uploads,SELECT,DENY,ALLOWED,0,,PASS,
employer,settlement_uploads,UPDATE,DENY,ALLOWED,0,,PASS,
employer,subscriber_balances,DELETE,DENY,ALLOWED,0,,PASS,
employer,subscriber_balances,INSERT,DENY,ERROR,,"new row violates row-level security policy for table ""subscriber_balances""",PASS,
employer,subscriber_balances,SELECT,SCOPED,ALLOWED,21,,PASS,
employer,subscriber_balances,UPDATE,DENY,ALLOWED,0,,PASS,
employer,subscriber_balances_pre_nav,DELETE,DENY,ALLOWED,0,,PASS,
employer,subscriber_balances_pre_nav,INSERT,DENY,ERROR,,"new row violates row-level security policy for table ""subscriber_balances_pre_nav""",PASS,
employer,subscriber_balances_pre_nav,SELECT,DENY,ALLOWED,0,,PASS,
employer,subscriber_balances_pre_nav,UPDATE,DENY,ALLOWED,0,,PASS,
employer,subscriber_insurance_products,DELETE,DENY,ALLOWED,0,,PASS,
employer,subscriber_insurance_products,INSERT,DENY,ERROR,,"new row violates row-level security policy for table ""subscriber_insurance_products""",PASS,
employer,subscriber_insurance_products,SELECT,SCOPED,ALLOWED,0,,GAP,
employer,subscriber_insurance_products,UPDATE,DENY,ALLOWED,0,,PASS,
employer,subscriber_signup_uploads,DELETE,DENY,ALLOWED,0,,PASS,
employer,subscriber_signup_uploads,INSERT,DENY,ERROR,,"new row violates row-level security policy for table ""subscriber_signup_uploads""",PASS,
employer,subscriber_signup_uploads,SELECT,DENY,ALLOWED,0,,PASS,
employer,subscriber_signup_uploads,UPDATE,DENY,ALLOWED,0,,PASS,
employer,subscribers,DELETE,DENY,ALLOWED,0,,PASS,
employer,subscribers,INSERT,DENY,ERROR,,"new row violates row-level security policy for table ""subscribers""",PASS,
employer,subscribers,SELECT,SCOPED,ALLOWED,21,,PASS,
employer,subscribers,UPDATE,DENY,ALLOWED,0,,PASS,
employer,subscribers_unit_value_pre_nav,DELETE,DENY,ALLOWED,0,,PASS,
employer,subscribers_unit_value_pre_nav,INSERT,DENY,ERROR,,"new row violates row-level security policy for table ""subscribers_unit_value_pre_nav""",PASS,
employer,subscribers_unit_value_pre_nav,SELECT,DENY,ALLOWED,0,,PASS,
employer,subscribers_unit_value_pre_nav,UPDATE,DENY,ALLOWED,0,,PASS,
employer,transactions,DELETE,DENY,ALLOWED,0,,PASS,
employer,transactions,INSERT,DENY,ERROR,,"new row violates row-level security policy for table ""transactions""",PASS,
employer,transactions,SELECT,SCOPED,ALLOWED,1945,,PASS,
employer,transactions,UPDATE,DENY,ALLOWED,0,,PASS,
employer,users,DELETE,DENY,ALLOWED,0,,PASS,
employer,users,INSERT,DENY,ERROR,,"new row violates row-level security policy for table ""users""",PASS,
employer,users,SELECT,DENY,ALLOWED,0,,PASS,
employer,users,UPDATE,DENY,ERROR,,permission denied for table users,PASS,
employer,withdrawals,DELETE,DENY,ALLOWED,0,,PASS,
employer,withdrawals,INSERT,DENY,ERROR,,"new row violates row-level security policy for table ""withdrawals""",PASS,
employer,withdrawals,SELECT,DENY,ALLOWED,0,,PASS,
employer,withdrawals,UPDATE,DENY,ALLOWED,0,,PASS,
admin,access_requests,DELETE,DENY,ALLOWED,0,,PASS,
admin,access_requests,INSERT,DENY,ERROR,,"new row violates row-level security policy for table ""access_requests""",PASS,
admin,access_requests,SELECT,ALL,ALLOWED,5,,PASS,
admin,access_requests,UPDATE,DENY,ALLOWED,0,,PASS,
admin,agent_referrals,DELETE,DENY,ALLOWED,0,,PASS,
admin,agent_referrals,INSERT,DENY,ERROR,,"new row violates row-level security policy for table ""agent_referrals""",PASS,
admin,agent_referrals,SELECT,ALL,ALLOWED,0,,N/A-NO-ROWS,table empty live (0 rows)
admin,agent_referrals,UPDATE,DENY,ALLOWED,0,,PASS,
admin,agents,DELETE,DENY,ALLOWED,0,,PASS,
admin,agents,INSERT,DENY,ERROR,,"new row violates row-level security policy for table ""agents""",PASS,
admin,agents,SELECT,ALL,ALLOWED,2046,,PASS,
admin,agents,UPDATE,DENY,ALLOWED,0,,PASS,
admin,branches,DELETE,DENY,ALLOWED,0,,PASS,
admin,branches,INSERT,DENY,ERROR,,"new row violates row-level security policy for table ""branches""",PASS,
admin,branches,SELECT,ALL,ALLOWED,321,,PASS,
admin,branches,UPDATE,DENY,ALLOWED,0,,PASS,
admin,claims,DELETE,DENY,ALLOWED,0,,PASS,
admin,claims,INSERT,DENY,ERROR,,"new row violates row-level security policy for table ""claims""",PASS,
admin,claims,SELECT,ALL,ALLOWED,1907,,PASS,
admin,claims,UPDATE,DENY,ALLOWED,0,,PASS,
admin,commission_config,DELETE,DENY,ALLOWED,0,,PASS,
admin,commission_config,INSERT,DENY,ERROR,,"new row violates row-level security policy for table ""commission_config""",PASS,
admin,commission_config,SELECT,ALL,ALLOWED,3,,PASS,
admin,commission_config,UPDATE,DENY,ALLOWED,0,,PASS,
admin,commissions,DELETE,DENY,ALLOWED,0,,PASS,
admin,commissions,INSERT,DENY,ERROR,,"new row violates row-level security policy for table ""commissions""",PASS,
admin,commissions,SELECT,ALL,ALLOWED,5004,,PASS,
admin,commissions,UPDATE,DENY,ALLOWED,0,,PASS,
admin,contact_submissions,DELETE,DENY,ALLOWED,0,,PASS,
admin,contact_submissions,INSERT,DENY,ERROR,,"new row violates row-level security policy for table ""contact_submissions""",PASS,
admin,contact_submissions,SELECT,ALL,ALLOWED,0,,N/A-NO-ROWS,table empty live (0 rows)
admin,contact_submissions,UPDATE,DENY,ALLOWED,0,,PASS,
admin,contribution_run_uploads,DELETE,DENY,ALLOWED,0,,PASS,
admin,contribution_run_uploads,INSERT,DENY,ERROR,,"new row violates row-level security policy for table ""contribution_run_uploads""",PASS,
admin,contribution_run_uploads,SELECT,DENY,ALLOWED,0,,PASS,
admin,contribution_run_uploads,UPDATE,DENY,ALLOWED,0,,PASS,
admin,contribution_runs,DELETE,DENY,ALLOWED,0,,PASS,
admin,contribution_runs,INSERT,DENY,ERROR,,"new row violates row-level security policy for table ""contribution_runs""",PASS,
admin,contribution_runs,SELECT,ALL,ALLOWED,9,,PASS,
admin,contribution_runs,UPDATE,DENY,ALLOWED,0,,PASS,
admin,contribution_schedules,DELETE,DENY,ALLOWED,0,,PASS,
admin,contribution_schedules,INSERT,DENY,ERROR,,"new row violates row-level security policy for table ""contribution_schedules""",PASS,
admin,contribution_schedules,SELECT,ALL,ALLOWED,5025,,PASS,
admin,contribution_schedules,UPDATE,DENY,ALLOWED,0,,PASS,
admin,custody_transfers,DELETE,DENY,ALLOWED,0,,PASS,
admin,custody_transfers,INSERT,DENY,ERROR,,"new row violates row-level security policy for table ""custody_transfers""",PASS,
admin,custody_transfers,SELECT,ALL,ALLOWED,9,,PASS,
admin,custody_transfers,UPDATE,DENY,ALLOWED,0,,PASS,
admin,demo_personas,DELETE,DENY,ALLOWED,0,,PASS,
admin,demo_personas,INSERT,DENY,ERROR,,"new row violates row-level security policy for table ""demo_personas""",PASS,
admin,demo_personas,SELECT,ALL,ALLOWED,9,,PASS,
admin,demo_personas,UPDATE,DENY,ALLOWED,0,,PASS,
admin,distributors,DELETE,DENY,ALLOWED,0,,PASS,
admin,distributors,INSERT,DENY,ERROR,,"new row violates row-level security policy for table ""distributors""",PASS,
admin,distributors,SELECT,ALL,ALLOWED,3,,PASS,
admin,distributors,UPDATE,DENY,ALLOWED,0,,PASS,
admin,districts,DELETE,DENY,ALLOWED,0,,PASS,
admin,districts,INSERT,DENY,ERROR,,"new row violates row-level security policy for table ""districts""",PASS,
admin,districts,SELECT,ALL,ALLOWED,136,,PASS,
admin,districts,UPDATE,DENY,ALLOWED,0,,PASS,
admin,employer_invites,DELETE,DENY,ALLOWED,0,,PASS,
admin,employer_invites,INSERT,DENY,ERROR,,"new row violates row-level security policy for table ""employer_invites""",PASS,
admin,employer_invites,SELECT,ALL,ALLOWED,4,,PASS,
admin,employer_invites,UPDATE,DENY,ALLOWED,0,,PASS,
admin,employers,DELETE,DENY,ALLOWED,0,,PASS,
admin,employers,INSERT,DENY,ERROR,,"new row violates row-level security policy for table ""employers""",PASS,
admin,employers,SELECT,ALL,ALLOWED,8,,PASS,
admin,employers,UPDATE,DENY,ALLOWED,0,,PASS,
admin,entity_detach_log,DELETE,DENY,ERROR,,permission denied for table entity_detach_log,PASS,
admin,entity_detach_log,INSERT,DENY,ERROR,,permission denied for table entity_detach_log,PASS,
admin,entity_detach_log,SELECT,DENY,ERROR,,permission denied for table entity_detach_log,PASS,
admin,entity_detach_log,UPDATE,DENY,ERROR,,permission denied for table entity_detach_log,PASS,
admin,entity_status_log,DELETE,DENY,ERROR,,permission denied for table entity_status_log,PASS,
admin,entity_status_log,INSERT,DENY,ERROR,,permission denied for table entity_status_log,PASS,
admin,entity_status_log,SELECT,DENY,ERROR,,permission denied for table entity_status_log,PASS,
admin,entity_status_log,UPDATE,DENY,ERROR,,permission denied for table entity_status_log,PASS,
admin,insurance_policies,DELETE,DENY,ALLOWED,0,,PASS,
admin,insurance_policies,INSERT,DENY,ERROR,,"new row violates row-level security policy for table ""insurance_policies""",PASS,
admin,insurance_policies,SELECT,ALL,ALLOWED,2731,,PASS,
admin,insurance_policies,UPDATE,DENY,ALLOWED,0,,PASS,
admin,money_nonces,DELETE,DENY,ALLOWED,0,,PASS,
admin,money_nonces,INSERT,DENY,ERROR,,"new row violates row-level security policy for table ""money_nonces""",PASS,
admin,money_nonces,SELECT,DENY,ALLOWED,0,,PASS,
admin,money_nonces,UPDATE,DENY,ALLOWED,0,,PASS,
admin,nav_snapshots,DELETE,DENY,ALLOWED,0,,PASS,
admin,nav_snapshots,INSERT,DENY,ERROR,,"new row violates row-level security policy for table ""nav_snapshots""",PASS,
admin,nav_snapshots,SELECT,ALL,ALLOWED,1246,,PASS,
admin,nav_snapshots,UPDATE,DENY,ALLOWED,0,,PASS,
admin,nominee_claims,DELETE,DENY,ALLOWED,0,,PASS,
admin,nominee_claims,INSERT,DENY,ERROR,,"new row violates row-level security policy for table ""nominee_claims""",PASS,
admin,nominee_claims,SELECT,ALL,ALLOWED,9,,PASS,
admin,nominee_claims,UPDATE,DENY,ALLOWED,0,,PASS,
admin,nominees,DELETE,DENY,ALLOWED,0,,PASS,
admin,nominees,INSERT,DENY,ERROR,,"new row violates row-level security policy for table ""nominees""",PASS,
admin,nominees,SELECT,ALL,ALLOWED,24388,,PASS,
admin,nominees,UPDATE,DENY,ALLOWED,0,,PASS,
admin,notifications,DELETE,DENY,ALLOWED,0,,PASS,
admin,notifications,INSERT,DENY,ERROR,,"new row violates row-level security policy for table ""notifications""",PASS,
admin,notifications,SELECT,ALL,ALLOWED,10,,PASS,
admin,notifications,UPDATE,DENY,ALLOWED,0,,PASS,
admin,regions,DELETE,DENY,ALLOWED,0,,PASS,
admin,regions,INSERT,DENY,ERROR,,"new row violates row-level security policy for table ""regions""",PASS,
admin,regions,SELECT,ALL,ALLOWED,4,,PASS,
admin,regions,UPDATE,DENY,ALLOWED,0,,PASS,
admin,settlement_batches,DELETE,DENY,ALLOWED,0,,PASS,
admin,settlement_batches,INSERT,DENY,ERROR,,"new row violates row-level security policy for table ""settlement_batches""",PASS,
admin,settlement_batches,SELECT,ALL,ALLOWED,5,,PASS,
admin,settlement_batches,UPDATE,DENY,ALLOWED,0,,PASS,
admin,settlement_uploads,DELETE,DENY,ALLOWED,0,,PASS,
admin,settlement_uploads,INSERT,DENY,ERROR,,"new row violates row-level security policy for table ""settlement_uploads""",PASS,
admin,settlement_uploads,SELECT,DENY,ALLOWED,0,,PASS,
admin,settlement_uploads,UPDATE,DENY,ALLOWED,0,,PASS,
admin,subscriber_balances,DELETE,DENY,ALLOWED,0,,PASS,
admin,subscriber_balances,INSERT,DENY,ERROR,,"new row violates row-level security policy for table ""subscriber_balances""",PASS,
admin,subscriber_balances,SELECT,ALL,ALLOWED,5063,,PASS,
admin,subscriber_balances,UPDATE,DENY,ALLOWED,0,,PASS,
admin,subscriber_balances_pre_nav,DELETE,DENY,ALLOWED,0,,PASS,
admin,subscriber_balances_pre_nav,INSERT,DENY,ERROR,,"new row violates row-level security policy for table ""subscriber_balances_pre_nav""",PASS,
admin,subscriber_balances_pre_nav,SELECT,DENY,ALLOWED,0,,PASS,
admin,subscriber_balances_pre_nav,UPDATE,DENY,ALLOWED,0,,PASS,
admin,subscriber_insurance_products,DELETE,DENY,ALLOWED,0,,PASS,
admin,subscriber_insurance_products,INSERT,DENY,ERROR,,"new row violates row-level security policy for table ""subscriber_insurance_products""",PASS,
admin,subscriber_insurance_products,SELECT,ALL,ALLOWED,0,,GAP,
admin,subscriber_insurance_products,UPDATE,DENY,ALLOWED,0,,PASS,
admin,subscriber_signup_uploads,DELETE,DENY,ALLOWED,0,,PASS,
admin,subscriber_signup_uploads,INSERT,DENY,ERROR,,"new row violates row-level security policy for table ""subscriber_signup_uploads""",PASS,
admin,subscriber_signup_uploads,SELECT,DENY,ALLOWED,0,,PASS,
admin,subscriber_signup_uploads,UPDATE,DENY,ALLOWED,0,,PASS,
admin,subscribers,DELETE,DENY,ALLOWED,0,,PASS,
admin,subscribers,INSERT,DENY,ERROR,,"new row violates row-level security policy for table ""subscribers""",PASS,
admin,subscribers,SELECT,ALL,ALLOWED,5067,,PASS,
admin,subscribers,UPDATE,DENY,ALLOWED,0,,PASS,
admin,subscribers_unit_value_pre_nav,DELETE,DENY,ALLOWED,0,,PASS,
admin,subscribers_unit_value_pre_nav,INSERT,DENY,ERROR,,"new row violates row-level security policy for table ""subscribers_unit_value_pre_nav""",PASS,
admin,subscribers_unit_value_pre_nav,SELECT,DENY,ALLOWED,0,,PASS,
admin,subscribers_unit_value_pre_nav,UPDATE,DENY,ALLOWED,0,,PASS,
admin,transactions,DELETE,DENY,ALLOWED,0,,PASS,
admin,transactions,INSERT,DENY,ERROR,,"new row violates row-level security policy for table ""transactions""",PASS,
admin,transactions,SELECT,ALL,ALLOWED,29144,,PASS,
admin,transactions,UPDATE,DENY,ALLOWED,0,,PASS,
admin,users,DELETE,DENY,ALLOWED,0,,PASS,
admin,users,INSERT,DENY,ERROR,,"new row violates row-level security policy for table ""users""",PASS,
admin,users,SELECT,ALL,ALLOWED,49,,PASS,
admin,users,UPDATE,DENY,ERROR,,permission denied for table users,PASS,
admin,withdrawals,DELETE,DENY,ALLOWED,0,,PASS,
admin,withdrawals,INSERT,DENY,ERROR,,"new row violates row-level security policy for table ""withdrawals""",PASS,
admin,withdrawals,SELECT,ALL,ALLOWED,4937,,PASS,
admin,withdrawals,UPDATE,DENY,ALLOWED,0,,PASS,
